-123321.000000,-123321.000000.1,-123321.000000.2,-123321.000000.3,-123321.000000.4,-123321.000000.5,-123321.000000.6,-123321.000000.7,-123321.000000.8,-123321.000000.9,-123321.000000.10,-123321.000000.11
-123321.0,-123321.0,-123321.0,-123321.0,-123321.0,-123321.0,-123321.0,-123321.0,-123321.0,-123321.0,-123321.0,-123321.0
-123321.0,-123321.0,-123321.0,-123321.0,-123321.0,-123321.0,-123321.0,-123321.0,-123321.0,-123321.0,-123321.0,-123321.0
-123321.0,-123321.0,-123321.0,-123321.0,-123321.0,-123321.0,-123321.0,-123321.0,-123321.0,-123321.0,-123321.0,-123321.0
-123321.0,-123321.0,-123321.0,-123321.0,-123321.0,-123321.0,-123321.0,-123321.0,-123321.0,-123321.0,-123321.0,-123321.0
-123321.0,-123321.0,-123321.0,-123321.0,-123321.0,-123321.0,-123321.0,-123321.0,-123321.0,-123321.0,-123321.0,-123321.0
-123321.0,-123321.0,-123321.0,-123321.0,-123321.0,-123321.0,-123321.0,-123321.0,-123321.0,-123321.0,-123321.0,-123321.0
-123321.0,-123321.0,-123321.0,-123321.0,-123321.0,-123321.0,-123321.0,-123321.0,-123321.0,-123321.0,-123321.0,-123321.0
-123321.0,-123321.0,-123321.0,-123321.0,-123321.0,-123321.0,-123321.0,-123321.0,-123321.0,-123321.0,-123321.0,-123321.0
-123321.0,-123321.0,-123321.0,-123321.0,-123321.0,-123321.0,-123321.0,-123321.0,-123321.0,-123321.0,-123321.0,-123321.0
-123321.0,-123321.0,-123321.0,-123321.0,-123321.0,-123321.0,-123321.0,-123321.0,-123321.0,-123321.0,-123321.0,-123321.0
-123321.0,-123321.0,-123321.0,-123321.0,-123321.0,-123321.0,-123321.0,-123321.0,-123321.0,-123321.0,-123321.0,-123321.0
-123321.0,-123321.0,-123321.0,-123321.0,-123321.0,-123321.0,-123321.0,-123321.0,-123321.0,-123321.0,-123321.0,-123321.0
-123321.0,-123321.0,-123321.0,-123321.0,-123321.0,-123321.0,-123321.0,-123321.0,-123321.0,-123321.0,-123321.0,-123321.0
-123321.0,-123321.0,-123321.0,-123321.0,-123321.0,-123321.0,-123321.0,-123321.0,-123321.0,-123321.0,-123321.0,-123321.0
-123321.0,-123321.0,-123321.0,-123321.0,-123321.0,-123321.0,-123321.0,-123321.0,-123321.0,-123321.0,-123321.0,-123321.0
-123321.0,-123321.0,-123321.0,-123321.0,-123321.0,-123321.0,-123321.0,-123321.0,-123321.0,-123321.0,-123321.0,-123321.0
-123321.0,-123321.0,-123321.0,-123321.0,-123321.0,-123321.0,-123321.0,-123321.0,-123321.0,-123321.0,-123321.0,-123321.0
-123321.0,-123321.0,-123321.0,-123321.0,-123321.0,-123321.0,-123321.0,-123321.0,-123321.0,-123321.0,-123321.0,-123321.0
-123321.0,-123321.0,-123321.0,-123321.0,-123321.0,-123321.0,-123321.0,-123321.0,-123321.0,-123321.0,-123321.0,-123321.0
-123321.0,-123321.0,-123321.0,-123321.0,-123321.0,-123321.0,-123321.0,-123321.0,-123321.0,-123321.0,-123321.0,-123321.0
-123321.0,-123321.0,-123321.0,-123321.0,-123321.0,-123321.0,-123321.0,-123321.0,-123321.0,-123321.0,-123321.0,-123321.0
-123321.0,-123321.0,-123321.0,-123321.0,-123321.0,-123321.0,-123321.0,-123321.0,-123321.0,-123321.0,-123321.0,-123321.0
-123321.0,-123321.0,-123321.0,-123321.0,-123321.0,-123321.0,-123321.0,-123321.0,-123321.0,-123321.0,-123321.0,-123321.0
-123321.0,-123321.0,-123321.0,-123321.0,-123321.0,-123321.0,-123321.0,-123321.0,-123321.0,-123321.0,-123321.0,-123321.0
-123321.0,-123321.0,-123321.0,-123321.0,-123321.0,-123321.0,-123321.0,-123321.0,-123321.0,-123321.0,-123321.0,-123321.0
-123321.0,-123321.0,-123321.0,-123321.0,-123321.0,-123321.0,-123321.0,-123321.0,-123321.0,-123321.0,-123321.0,-123321.0
-123321.0,-123321.0,-123321.0,-123321.0,-123321.0,-123321.0,-123321.0,-123321.0,-123321.0,-123321.0,-123321.0,-123321.0
-123321.0,-123321.0,-123321.0,-123321.0,-123321.0,-123321.0,-123321.0,-123321.0,-123321.0,-123321.0,-123321.0,-123321.0
-123321.0,-123321.0,-123321.0,-123321.0,-123321.0,-123321.0,-123321.0,-123321.0,-123321.0,-123321.0,-123321.0,-123321.0
-123321.0,-123321.0,-123321.0,-123321.0,-123321.0,-123321.0,-123321.0,-123321.0,-123321.0,-123321.0,-123321.0,-123321.0
-123321.0,-123321.0,-123321.0,-123321.0,-123321.0,-123321.0,-123321.0,-123321.0,-123321.0,-123321.0,-123321.0,-123321.0
-123321.0,-123321.0,-123321.0,-123321.0,-123321.0,-123321.0,-123321.0,-123321.0,-123321.0,-123321.0,-123321.0,-123321.0
-123321.0,-123321.0,-123321.0,-123321.0,-123321.0,-123321.0,-123321.0,-123321.0,-123321.0,-123321.0,-123321.0,-123321.0
-123321.0,-123321.0,-123321.0,-123321.0,-123321.0,-123321.0,-123321.0,-123321.0,-123321.0,-123321.0,-123321.0,-123321.0
-123321.0,-123321.0,-123321.0,-123321.0,-123321.0,-123321.0,-123321.0,-123321.0,-123321.0,-123321.0,-123321.0,-123321.0
-123321.0,-123321.0,-123321.0,-123321.0,-123321.0,-123321.0,-123321.0,-123321.0,-123321.0,-123321.0,-123321.0,-123321.0
-123321.0,-123321.0,-123321.0,-123321.0,-123321.0,-123321.0,-123321.0,-123321.0,-123321.0,-123321.0,-123321.0,-123321.0
-123321.0,-123321.0,-123321.0,-123321.0,-123321.0,-123321.0,-123321.0,-123321.0,-123321.0,-123321.0,-123321.0,-123321.0
-123321.0,-123321.0,-123321.0,-123321.0,-123321.0,-123321.0,-123321.0,-123321.0,-123321.0,-123321.0,-123321.0,-123321.0
-123321.0,-123321.0,-123321.0,-123321.0,-123321.0,-123321.0,-123321.0,-123321.0,-123321.0,-123321.0,-123321.0,-123321.0
-123321.0,-123321.0,-123321.0,-123321.0,-123321.0,-123321.0,-123321.0,-123321.0,-123321.0,-123321.0,-123321.0,-123321.0
-123321.0,-123321.0,-123321.0,-123321.0,-123321.0,-123321.0,-123321.0,-123321.0,-123321.0,-123321.0,-123321.0,-123321.0
-123321.0,-123321.0,-123321.0,-123321.0,-123321.0,-123321.0,-123321.0,-123321.0,-123321.0,-123321.0,-123321.0,-123321.0
-123321.0,-123321.0,-123321.0,-123321.0,-123321.0,-123321.0,-123321.0,-123321.0,-123321.0,-123321.0,-123321.0,-123321.0
-123321.0,-123321.0,-123321.0,-123321.0,-123321.0,-123321.0,-123321.0,-123321.0,-123321.0,-123321.0,-123321.0,-123321.0
-123321.0,-123321.0,-123321.0,-123321.0,-123321.0,-123321.0,-123321.0,-123321.0,-123321.0,-123321.0,-123321.0,-123321.0
-123321.0,-123321.0,-123321.0,-123321.0,-123321.0,-123321.0,-123321.0,-123321.0,-123321.0,-123321.0,-123321.0,-123321.0
-123321.0,-123321.0,-123321.0,-123321.0,-123321.0,-123321.0,-123321.0,-123321.0,-123321.0,-123321.0,-123321.0,-123321.0
-123321.0,-123321.0,-123321.0,-123321.0,-123321.0,-123321.0,-123321.0,-123321.0,-123321.0,-123321.0,-123321.0,-123321.0
-123321.0,-123321.0,-123321.0,-123321.0,-123321.0,-123321.0,-123321.0,-123321.0,-123321.0,-123321.0,-123321.0,-123321.0
-123321.0,-123321.0,-123321.0,-123321.0,-123321.0,-123321.0,-123321.0,-123321.0,-123321.0,-123321.0,-123321.0,-123321.0
-123321.0,-123321.0,-123321.0,-123321.0,-123321.0,-123321.0,-123321.0,-123321.0,-123321.0,-123321.0,-123321.0,-123321.0
-123321.0,-123321.0,-123321.0,-123321.0,-123321.0,-123321.0,-123321.0,-123321.0,-123321.0,-123321.0,-123321.0,-123321.0
-123321.0,-123321.0,-123321.0,-123321.0,-123321.0,-123321.0,-123321.0,-123321.0,-123321.0,-123321.0,-123321.0,-123321.0
-123321.0,-123321.0,-123321.0,-123321.0,-123321.0,-123321.0,-123321.0,-123321.0,-123321.0,-123321.0,-123321.0,-123321.0
-123321.0,-123321.0,-123321.0,-123321.0,-123321.0,-123321.0,-123321.0,-123321.0,-123321.0,-123321.0,-123321.0,-123321.0
-123321.0,-123321.0,-123321.0,-123321.0,-123321.0,-123321.0,-123321.0,-123321.0,-123321.0,-123321.0,-123321.0,-123321.0
-123321.0,-123321.0,-123321.0,-123321.0,-123321.0,-123321.0,-123321.0,-123321.0,-123321.0,-123321.0,-123321.0,-123321.0
-123321.0,-123321.0,-123321.0,-123321.0,-123321.0,-123321.0,-123321.0,-123321.0,-123321.0,-123321.0,-123321.0,-123321.0
-123321.0,-123321.0,-123321.0,-123321.0,-123321.0,-123321.0,-123321.0,-123321.0,-123321.0,-123321.0,-123321.0,-123321.0
-123321.0,-123321.0,-123321.0,-123321.0,-123321.0,-123321.0,-123321.0,-123321.0,-123321.0,-123321.0,-123321.0,-123321.0
-123321.0,-123321.0,-123321.0,-123321.0,-123321.0,-123321.0,-123321.0,-123321.0,-123321.0,-123321.0,-123321.0,-123321.0
-123321.0,-123321.0,-123321.0,-123321.0,-123321.0,-123321.0,-123321.0,-123321.0,-123321.0,-123321.0,-123321.0,-123321.0
-123321.0,-123321.0,-123321.0,-123321.0,-123321.0,-123321.0,-123321.0,-123321.0,-123321.0,-123321.0,-123321.0,-123321.0
-123321.0,-123321.0,-123321.0,-123321.0,-123321.0,-123321.0,-123321.0,-123321.0,-123321.0,-123321.0,-123321.0,-123321.0
-123321.0,-123321.0,-123321.0,-123321.0,-123321.0,-123321.0,-123321.0,-123321.0,-123321.0,-123321.0,-123321.0,-123321.0
-123321.0,-123321.0,-123321.0,-123321.0,-123321.0,-123321.0,-123321.0,-123321.0,-123321.0,-123321.0,-123321.0,-123321.0
-123321.0,-123321.0,-123321.0,-123321.0,-123321.0,-123321.0,-123321.0,-123321.0,-123321.0,-123321.0,-123321.0,-123321.0
-123321.0,-123321.0,-123321.0,-123321.0,-123321.0,-123321.0,-123321.0,-123321.0,-123321.0,-123321.0,-123321.0,-123321.0
-123321.0,-123321.0,-123321.0,-123321.0,-123321.0,-123321.0,-123321.0,-123321.0,-123321.0,-123321.0,-123321.0,-123321.0
-123321.0,-123321.0,-123321.0,-123321.0,-123321.0,-123321.0,-123321.0,-123321.0,-123321.0,-123321.0,-123321.0,-123321.0
-123321.0,-123321.0,-123321.0,-123321.0,-123321.0,-123321.0,-123321.0,-123321.0,-123321.0,-123321.0,-123321.0,-123321.0
-123321.0,-123321.0,-123321.0,-123321.0,-123321.0,-123321.0,-123321.0,-123321.0,-123321.0,-123321.0,-123321.0,-123321.0
-123321.0,-123321.0,-123321.0,-123321.0,-123321.0,-123321.0,-123321.0,-123321.0,-123321.0,-123321.0,-123321.0,-123321.0
-123321.0,-123321.0,-123321.0,-123321.0,-123321.0,-123321.0,-123321.0,-123321.0,-123321.0,-123321.0,-123321.0,-123321.0
-123321.0,-123321.0,-123321.0,-123321.0,-123321.0,-123321.0,-123321.0,-123321.0,-123321.0,-123321.0,-123321.0,-123321.0
-123321.0,-123321.0,-123321.0,-123321.0,-123321.0,-123321.0,-123321.0,-123321.0,-123321.0,-123321.0,-123321.0,-123321.0
-123321.0,-123321.0,-123321.0,-123321.0,-123321.0,-123321.0,-123321.0,-123321.0,-123321.0,-123321.0,-123321.0,-123321.0
-123321.0,-123321.0,-123321.0,-123321.0,-123321.0,-123321.0,-123321.0,-123321.0,-123321.0,-123321.0,-123321.0,-123321.0
-123321.0,-123321.0,-123321.0,-123321.0,-123321.0,-123321.0,-123321.0,-123321.0,-123321.0,-123321.0,-123321.0,-123321.0
-123321.0,-123321.0,-123321.0,-123321.0,-123321.0,-123321.0,-123321.0,-123321.0,-123321.0,-123321.0,-123321.0,-123321.0
-123321.0,-123321.0,-123321.0,-123321.0,-123321.0,-123321.0,-123321.0,-123321.0,-123321.0,-123321.0,-123321.0,-123321.0
-123321.0,-123321.0,-123321.0,-123321.0,-123321.0,-123321.0,-123321.0,-123321.0,-123321.0,-123321.0,-123321.0,-123321.0
-123321.0,-123321.0,-123321.0,-123321.0,-123321.0,-123321.0,-123321.0,-123321.0,-123321.0,-123321.0,-123321.0,-123321.0
-123321.0,-123321.0,-123321.0,-123321.0,-123321.0,-123321.0,-123321.0,-123321.0,-123321.0,-123321.0,-123321.0,-123321.0
-123321.0,-123321.0,-123321.0,-123321.0,-123321.0,-123321.0,-123321.0,-123321.0,-123321.0,-123321.0,-123321.0,-123321.0
-123321.0,-123321.0,-123321.0,-123321.0,-123321.0,-123321.0,-123321.0,-123321.0,-123321.0,-123321.0,-123321.0,-123321.0
-123321.0,-123321.0,-123321.0,-123321.0,-123321.0,-123321.0,-123321.0,-123321.0,-123321.0,-123321.0,-123321.0,-123321.0
-123321.0,-123321.0,-123321.0,-123321.0,-123321.0,-123321.0,-123321.0,-123321.0,-123321.0,-123321.0,-123321.0,-123321.0
-123321.0,-123321.0,-123321.0,-123321.0,-123321.0,-123321.0,-123321.0,-123321.0,-123321.0,-123321.0,-123321.0,-123321.0
-123321.0,-123321.0,-123321.0,-123321.0,-123321.0,-123321.0,-123321.0,-123321.0,-123321.0,-123321.0,-123321.0,-123321.0
-123321.0,-123321.0,-123321.0,-123321.0,-123321.0,-123321.0,-123321.0,-123321.0,-123321.0,-123321.0,-123321.0,-123321.0
-123321.0,-123321.0,-123321.0,-123321.0,-123321.0,-123321.0,-123321.0,-123321.0,-123321.0,-123321.0,-123321.0,-123321.0
-123321.0,-123321.0,-123321.0,-123321.0,-123321.0,-123321.0,-123321.0,-123321.0,-123321.0,-123321.0,-123321.0,-123321.0
-123321.0,-123321.0,-123321.0,-123321.0,-123321.0,-123321.0,-123321.0,-123321.0,-123321.0,-123321.0,-123321.0,-123321.0
-123321.0,-123321.0,-123321.0,-123321.0,-123321.0,-123321.0,-123321.0,-123321.0,-123321.0,-123321.0,-123321.0,-123321.0
-123321.0,-123321.0,-123321.0,-123321.0,-123321.0,-123321.0,-123321.0,-123321.0,-123321.0,-123321.0,-123321.0,-123321.0
-123321.0,-123321.0,-123321.0,-123321.0,-123321.0,-123321.0,-123321.0,-123321.0,-123321.0,-123321.0,-123321.0,-123321.0
-123321.0,-123321.0,-123321.0,-123321.0,-123321.0,-123321.0,-123321.0,-123321.0,-123321.0,-123321.0,-123321.0,-123321.0
-123321.0,-123321.0,-123321.0,-123321.0,-123321.0,-123321.0,-123321.0,-123321.0,-123321.0,-123321.0,-123321.0,-123321.0
-123321.0,-123321.0,-123321.0,-123321.0,-123321.0,-123321.0,-123321.0,-123321.0,-123321.0,-123321.0,-123321.0,-123321.0
-123321.0,-123321.0,-123321.0,-123321.0,-123321.0,-123321.0,-123321.0,-123321.0,-123321.0,-123321.0,-123321.0,-123321.0
-123321.0,-123321.0,-123321.0,-123321.0,-123321.0,-123321.0,-123321.0,-123321.0,-123321.0,-123321.0,-123321.0,-123321.0
-123321.0,-123321.0,-123321.0,-123321.0,-123321.0,-123321.0,-123321.0,-123321.0,-123321.0,-123321.0,-123321.0,-123321.0
-123321.0,-123321.0,-123321.0,-123321.0,-123321.0,-123321.0,-123321.0,-123321.0,-123321.0,-123321.0,-123321.0,-123321.0
-123321.0,-123321.0,-123321.0,-123321.0,-123321.0,-123321.0,-123321.0,-123321.0,-123321.0,-123321.0,-123321.0,-123321.0
-123321.0,-123321.0,-123321.0,-123321.0,-123321.0,-123321.0,-123321.0,-123321.0,-123321.0,-123321.0,-123321.0,-123321.0
-123321.0,-123321.0,-123321.0,-123321.0,-123321.0,-123321.0,-123321.0,-123321.0,-123321.0,-123321.0,-123321.0,-123321.0
-123321.0,-123321.0,-123321.0,-123321.0,-123321.0,-123321.0,-123321.0,-123321.0,-123321.0,-123321.0,-123321.0,-123321.0
-123321.0,-123321.0,-123321.0,-123321.0,-123321.0,-123321.0,-123321.0,-123321.0,-123321.0,-123321.0,-123321.0,-123321.0
-123321.0,-123321.0,-123321.0,-123321.0,-123321.0,-123321.0,-123321.0,-123321.0,-123321.0,-123321.0,-123321.0,-123321.0
-123321.0,-123321.0,-123321.0,-123321.0,-123321.0,-123321.0,-123321.0,-123321.0,-123321.0,-123321.0,-123321.0,-123321.0
-123321.0,-123321.0,-123321.0,-123321.0,-123321.0,-123321.0,-123321.0,-123321.0,-123321.0,-123321.0,-123321.0,-123321.0
-123321.0,-123321.0,-123321.0,-123321.0,-123321.0,-123321.0,-123321.0,-123321.0,-123321.0,-123321.0,-123321.0,-123321.0
-123321.0,-123321.0,-123321.0,-123321.0,-123321.0,-123321.0,-123321.0,-123321.0,-123321.0,-123321.0,-123321.0,-123321.0
-123321.0,-123321.0,-123321.0,-123321.0,-123321.0,-123321.0,-123321.0,-123321.0,-123321.0,-123321.0,-123321.0,-123321.0
-123321.0,-123321.0,-123321.0,-123321.0,-123321.0,-123321.0,-123321.0,-123321.0,-123321.0,-123321.0,-123321.0,-123321.0
-123321.0,-123321.0,-123321.0,-123321.0,-123321.0,-123321.0,-123321.0,-123321.0,-123321.0,-123321.0,-123321.0,-123321.0
-123321.0,-123321.0,-123321.0,-123321.0,-123321.0,-123321.0,-123321.0,-123321.0,-123321.0,-123321.0,-123321.0,-123321.0
-123321.0,-123321.0,-123321.0,-123321.0,-123321.0,-123321.0,-123321.0,-123321.0,-123321.0,-123321.0,-123321.0,-123321.0
-123321.0,-123321.0,-123321.0,-123321.0,-123321.0,-123321.0,-123321.0,-123321.0,-123321.0,-123321.0,-123321.0,-123321.0
-123321.0,-123321.0,-123321.0,-123321.0,-123321.0,-123321.0,-123321.0,-123321.0,-123321.0,-123321.0,-123321.0,-123321.0
-123321.0,-123321.0,-123321.0,-123321.0,-123321.0,-123321.0,-123321.0,-123321.0,-123321.0,-123321.0,-123321.0,-123321.0
-123321.0,-123321.0,-123321.0,-123321.0,-123321.0,-123321.0,-123321.0,-123321.0,-123321.0,-123321.0,-123321.0,-123321.0
-123321.0,-123321.0,-123321.0,-123321.0,-123321.0,-123321.0,-123321.0,-123321.0,-123321.0,-123321.0,-123321.0,-123321.0
-123321.0,-123321.0,-123321.0,-123321.0,-123321.0,-123321.0,-123321.0,-123321.0,-123321.0,-123321.0,-123321.0,-123321.0
-123321.0,-123321.0,-123321.0,-123321.0,-123321.0,-123321.0,-123321.0,-123321.0,-123321.0,-123321.0,-123321.0,-123321.0
-123321.0,-123321.0,-123321.0,-123321.0,-123321.0,-123321.0,-123321.0,-123321.0,-123321.0,-123321.0,-123321.0,-123321.0
-123321.0,-123321.0,-123321.0,-123321.0,-123321.0,-123321.0,-123321.0,-123321.0,-123321.0,-123321.0,-123321.0,-123321.0
-123321.0,-123321.0,-123321.0,-123321.0,-123321.0,-123321.0,-123321.0,-123321.0,-123321.0,-123321.0,-123321.0,-123321.0
-123321.0,-123321.0,-123321.0,-123321.0,-123321.0,-123321.0,-123321.0,-123321.0,-123321.0,-123321.0,-123321.0,-123321.0
-123321.0,-123321.0,-123321.0,-123321.0,-123321.0,-123321.0,-123321.0,-123321.0,-123321.0,-123321.0,-123321.0,-123321.0
-123321.0,-123321.0,-123321.0,-123321.0,-123321.0,-123321.0,-123321.0,-123321.0,-123321.0,-123321.0,-123321.0,-123321.0
-123321.0,-123321.0,-123321.0,-123321.0,-123321.0,-123321.0,-123321.0,-123321.0,-123321.0,-123321.0,-123321.0,-123321.0
-123321.0,-123321.0,-123321.0,-123321.0,-123321.0,-123321.0,-123321.0,-123321.0,-123321.0,-123321.0,-123321.0,-123321.0
-123321.0,-123321.0,-123321.0,-123321.0,-123321.0,-123321.0,-123321.0,-123321.0,-123321.0,-123321.0,-123321.0,-123321.0
-123321.0,-123321.0,-123321.0,-123321.0,-123321.0,-123321.0,-123321.0,-123321.0,-123321.0,-123321.0,-123321.0,-123321.0
-123321.0,-123321.0,-123321.0,-123321.0,-123321.0,-123321.0,-123321.0,-123321.0,-123321.0,-123321.0,-123321.0,-123321.0
-123321.0,-123321.0,-123321.0,-123321.0,-123321.0,-123321.0,-123321.0,-123321.0,-123321.0,-123321.0,-123321.0,-123321.0
-123321.0,-123321.0,-123321.0,-123321.0,-123321.0,-123321.0,-123321.0,-123321.0,-123321.0,-123321.0,-123321.0,-123321.0
-123321.0,-123321.0,-123321.0,-123321.0,-123321.0,-123321.0,-123321.0,-123321.0,-123321.0,-123321.0,-123321.0,-123321.0
-123321.0,-123321.0,-123321.0,-123321.0,-123321.0,-123321.0,-123321.0,-123321.0,-123321.0,-123321.0,-123321.0,-123321.0
-123321.0,-123321.0,-123321.0,-123321.0,-123321.0,-123321.0,-123321.0,-123321.0,-123321.0,-123321.0,-123321.0,-123321.0
-123321.0,-123321.0,-123321.0,-123321.0,-123321.0,-123321.0,-123321.0,-123321.0,-123321.0,-123321.0,-123321.0,-123321.0
-123321.0,-123321.0,-123321.0,-123321.0,-123321.0,-123321.0,-123321.0,-123321.0,-123321.0,-123321.0,-123321.0,-123321.0
-123321.0,-123321.0,-123321.0,-123321.0,-123321.0,-123321.0,-123321.0,-123321.0,-123321.0,-123321.0,-123321.0,-123321.0
-123321.0,-123321.0,-123321.0,-123321.0,-123321.0,-123321.0,-123321.0,-123321.0,-123321.0,-123321.0,-123321.0,-123321.0
-123321.0,-123321.0,-123321.0,-123321.0,-123321.0,-123321.0,-123321.0,-123321.0,-123321.0,-123321.0,-123321.0,-123321.0
-123321.0,-123321.0,-123321.0,-123321.0,-123321.0,-123321.0,-123321.0,-123321.0,-123321.0,-123321.0,-123321.0,-123321.0
-123321.0,-123321.0,-123321.0,-123321.0,-123321.0,-123321.0,-123321.0,-123321.0,-123321.0,-123321.0,-123321.0,-123321.0
-123321.0,-123321.0,-123321.0,-123321.0,-123321.0,-123321.0,-123321.0,-123321.0,-123321.0,-123321.0,-123321.0,-123321.0
-123321.0,-123321.0,-123321.0,-123321.0,-123321.0,-123321.0,-123321.0,-123321.0,-123321.0,-123321.0,-123321.0,-123321.0
-123321.0,-123321.0,-123321.0,-123321.0,-123321.0,-123321.0,-123321.0,-123321.0,-123321.0,-123321.0,-123321.0,-123321.0
-123321.0,-123321.0,-123321.0,-123321.0,-123321.0,-123321.0,-123321.0,-123321.0,-123321.0,-123321.0,-123321.0,-123321.0
-123321.0,-123321.0,-123321.0,-123321.0,-123321.0,-123321.0,-123321.0,-123321.0,-123321.0,-123321.0,-123321.0,-123321.0
-123321.0,-123321.0,-123321.0,-123321.0,-123321.0,-123321.0,-123321.0,-123321.0,-123321.0,-123321.0,-123321.0,-123321.0
-123321.0,-123321.0,-123321.0,-123321.0,-123321.0,-123321.0,-123321.0,-123321.0,-123321.0,-123321.0,-123321.0,-123321.0
-123321.0,-123321.0,-123321.0,-123321.0,-123321.0,-123321.0,-123321.0,-123321.0,-123321.0,-123321.0,-123321.0,-123321.0
-123321.0,-123321.0,-123321.0,-123321.0,-123321.0,-123321.0,-123321.0,-123321.0,-123321.0,-123321.0,-123321.0,-123321.0
-123321.0,-123321.0,-123321.0,-123321.0,-123321.0,-123321.0,-123321.0,-123321.0,-123321.0,-123321.0,-123321.0,-123321.0
-123321.0,-123321.0,-123321.0,-123321.0,-123321.0,-123321.0,-123321.0,-123321.0,-123321.0,-123321.0,-123321.0,-123321.0
-123321.0,-123321.0,-123321.0,-123321.0,-123321.0,-123321.0,-123321.0,-123321.0,-123321.0,-123321.0,-123321.0,-123321.0
-123321.0,-123321.0,-123321.0,-123321.0,-123321.0,-123321.0,-123321.0,-123321.0,-123321.0,-123321.0,-123321.0,-123321.0
-123321.0,-123321.0,-123321.0,-123321.0,-123321.0,-123321.0,-123321.0,-123321.0,-123321.0,-123321.0,-123321.0,-123321.0
-123321.0,-123321.0,-123321.0,-123321.0,-123321.0,-123321.0,-123321.0,-123321.0,-123321.0,-123321.0,-123321.0,-123321.0
-123321.0,-123321.0,-123321.0,-123321.0,-123321.0,-123321.0,-123321.0,-123321.0,-123321.0,-123321.0,-123321.0,-123321.0
-123321.0,-123321.0,-123321.0,-123321.0,-123321.0,-123321.0,-123321.0,-123321.0,-123321.0,-123321.0,-123321.0,-123321.0
-123321.0,-123321.0,-123321.0,-123321.0,-123321.0,-123321.0,-123321.0,-123321.0,-123321.0,-123321.0,-123321.0,-123321.0
-123321.0,-123321.0,-123321.0,-123321.0,-123321.0,-123321.0,-123321.0,-123321.0,-123321.0,-123321.0,-123321.0,-123321.0
-123321.0,-123321.0,-123321.0,-123321.0,-123321.0,-123321.0,-123321.0,-123321.0,-123321.0,-123321.0,-123321.0,-123321.0
-123321.0,-123321.0,-123321.0,-123321.0,-123321.0,-123321.0,-123321.0,-123321.0,-123321.0,-123321.0,-123321.0,-123321.0
-123321.0,-123321.0,-123321.0,-123321.0,-123321.0,-123321.0,-123321.0,-123321.0,-123321.0,-123321.0,-123321.0,-123321.0
-123321.0,-123321.0,-123321.0,-123321.0,-123321.0,-123321.0,-123321.0,-123321.0,-123321.0,-123321.0,-123321.0,-123321.0
-123321.0,-123321.0,-123321.0,-123321.0,-123321.0,-123321.0,-123321.0,-123321.0,-123321.0,-123321.0,-123321.0,-123321.0
-123321.0,-123321.0,-123321.0,-123321.0,-123321.0,-123321.0,-123321.0,-123321.0,-123321.0,-123321.0,-123321.0,-123321.0
-123321.0,-123321.0,-123321.0,-123321.0,-123321.0,-123321.0,-123321.0,-123321.0,-123321.0,-123321.0,-123321.0,-123321.0
-123321.0,-123321.0,-123321.0,-123321.0,-123321.0,-123321.0,-123321.0,-123321.0,-123321.0,-123321.0,-123321.0,-123321.0
-123321.0,-123321.0,-123321.0,-123321.0,-123321.0,-123321.0,-123321.0,-123321.0,-123321.0,-123321.0,-123321.0,-123321.0
-123321.0,-123321.0,-123321.0,-123321.0,-123321.0,-123321.0,-123321.0,-123321.0,-123321.0,-123321.0,-123321.0,-123321.0
-123321.0,-123321.0,-123321.0,-123321.0,-123321.0,-123321.0,-123321.0,-123321.0,-123321.0,-123321.0,-123321.0,-123321.0
-123321.0,-123321.0,-123321.0,-123321.0,-123321.0,-123321.0,-123321.0,-123321.0,-123321.0,-123321.0,-123321.0,-123321.0
-123321.0,-123321.0,-123321.0,-123321.0,-123321.0,-123321.0,-123321.0,-123321.0,-123321.0,-123321.0,-123321.0,-123321.0
-123321.0,-123321.0,-123321.0,-123321.0,-123321.0,-123321.0,-123321.0,-123321.0,-123321.0,-123321.0,-123321.0,-123321.0
-123321.0,-123321.0,-123321.0,-123321.0,-123321.0,-123321.0,-123321.0,-123321.0,-123321.0,-123321.0,-123321.0,-123321.0
-123321.0,-123321.0,-123321.0,-123321.0,-123321.0,-123321.0,-123321.0,-123321.0,-123321.0,-123321.0,-123321.0,-123321.0
-123321.0,-123321.0,-123321.0,-123321.0,-123321.0,-123321.0,-123321.0,-123321.0,-123321.0,-123321.0,-123321.0,-123321.0
-123321.0,-123321.0,-123321.0,-123321.0,-123321.0,-123321.0,-123321.0,-123321.0,-123321.0,-123321.0,-123321.0,-123321.0
-123321.0,-123321.0,-123321.0,-123321.0,-123321.0,-123321.0,-123321.0,-123321.0,-123321.0,-123321.0,-123321.0,-123321.0
-123321.0,-123321.0,-123321.0,-123321.0,-123321.0,-123321.0,-123321.0,-123321.0,-123321.0,-123321.0,-123321.0,-123321.0
-123321.0,-123321.0,-123321.0,-123321.0,-123321.0,-123321.0,-123321.0,-123321.0,-123321.0,-123321.0,-123321.0,-123321.0
-123321.0,-123321.0,-123321.0,-123321.0,-123321.0,-123321.0,-123321.0,-123321.0,-123321.0,-123321.0,-123321.0,-123321.0
-123321.0,-123321.0,-123321.0,-123321.0,-123321.0,-123321.0,-123321.0,-123321.0,-123321.0,-123321.0,-123321.0,-123321.0
-123321.0,-123321.0,-123321.0,-123321.0,-123321.0,-123321.0,-123321.0,-123321.0,-123321.0,-123321.0,-123321.0,-123321.0
-123321.0,-123321.0,-123321.0,-123321.0,-123321.0,-123321.0,-123321.0,-123321.0,-123321.0,-123321.0,-123321.0,-123321.0
-123321.0,-123321.0,-123321.0,-123321.0,-123321.0,-123321.0,-123321.0,-123321.0,-123321.0,-123321.0,-123321.0,-123321.0
-123321.0,-123321.0,-123321.0,-123321.0,-123321.0,-123321.0,-123321.0,-123321.0,-123321.0,-123321.0,-123321.0,-123321.0
-123321.0,-123321.0,-123321.0,-123321.0,-123321.0,-123321.0,-123321.0,-123321.0,-123321.0,-123321.0,-123321.0,-123321.0
-123321.0,-123321.0,-123321.0,-123321.0,-123321.0,-123321.0,-123321.0,-123321.0,-123321.0,-123321.0,-123321.0,-123321.0
-123321.0,-123321.0,-123321.0,-123321.0,-123321.0,-123321.0,-123321.0,-123321.0,-123321.0,-123321.0,-123321.0,-123321.0
-123321.0,-123321.0,-123321.0,-123321.0,-123321.0,-123321.0,-123321.0,-123321.0,-123321.0,-123321.0,-123321.0,-123321.0
-123321.0,-123321.0,-123321.0,-123321.0,-123321.0,-123321.0,-123321.0,-123321.0,-123321.0,-123321.0,-123321.0,-123321.0
-123321.0,-123321.0,-123321.0,-123321.0,-123321.0,-123321.0,-123321.0,-123321.0,-123321.0,-123321.0,-123321.0,-123321.0
-123321.0,-123321.0,-123321.0,-123321.0,-123321.0,-123321.0,-123321.0,-123321.0,-123321.0,-123321.0,-123321.0,-123321.0
-123321.0,-123321.0,-123321.0,-123321.0,-123321.0,-123321.0,-123321.0,-123321.0,-123321.0,-123321.0,-123321.0,-123321.0
-123321.0,-123321.0,-123321.0,-123321.0,-123321.0,-123321.0,-123321.0,-123321.0,-123321.0,-123321.0,-123321.0,-123321.0
-123321.0,-123321.0,-123321.0,-123321.0,-123321.0,-123321.0,-123321.0,-123321.0,-123321.0,-123321.0,-123321.0,-123321.0
-123321.0,-123321.0,-123321.0,-123321.0,-123321.0,-123321.0,-123321.0,-123321.0,-123321.0,-123321.0,-123321.0,-123321.0
-123321.0,-123321.0,-123321.0,-123321.0,-123321.0,-123321.0,-123321.0,-123321.0,-123321.0,-123321.0,-123321.0,-123321.0
-123321.0,-123321.0,-123321.0,-123321.0,-123321.0,-123321.0,-123321.0,-123321.0,-123321.0,-123321.0,-123321.0,-123321.0
-123321.0,-123321.0,-123321.0,-123321.0,-123321.0,-123321.0,-123321.0,-123321.0,-123321.0,-123321.0,-123321.0,-123321.0
-123321.0,-123321.0,-123321.0,-123321.0,-123321.0,-123321.0,-123321.0,-123321.0,-123321.0,-123321.0,-123321.0,-123321.0
-123321.0,-123321.0,-123321.0,-123321.0,-123321.0,-123321.0,-123321.0,-123321.0,-123321.0,-123321.0,-123321.0,-123321.0
-123321.0,-123321.0,-123321.0,-123321.0,-123321.0,-123321.0,-123321.0,-123321.0,-123321.0,-123321.0,-123321.0,-123321.0
-123321.0,-123321.0,-123321.0,-123321.0,-123321.0,-123321.0,-123321.0,-123321.0,-123321.0,-123321.0,-123321.0,-123321.0
-123321.0,-123321.0,-123321.0,-123321.0,-123321.0,-123321.0,-123321.0,-123321.0,-123321.0,-123321.0,-123321.0,-123321.0
-123321.0,-123321.0,-123321.0,-123321.0,-123321.0,-123321.0,-123321.0,-123321.0,-123321.0,-123321.0,-123321.0,-123321.0
-123321.0,-123321.0,-123321.0,-123321.0,-123321.0,-123321.0,-123321.0,-123321.0,-123321.0,-123321.0,-123321.0,-123321.0
-123321.0,-123321.0,-123321.0,-123321.0,-123321.0,-123321.0,-123321.0,-123321.0,-123321.0,-123321.0,-123321.0,-123321.0
-123321.0,-123321.0,-123321.0,-123321.0,-123321.0,-123321.0,-123321.0,-123321.0,-123321.0,-123321.0,-123321.0,-123321.0
-123321.0,-123321.0,-123321.0,-123321.0,-123321.0,-123321.0,-123321.0,-123321.0,-123321.0,-123321.0,-123321.0,-123321.0
-123321.0,-123321.0,-123321.0,-123321.0,-123321.0,-123321.0,-123321.0,-123321.0,-123321.0,-123321.0,-123321.0,-123321.0
-123321.0,-123321.0,-123321.0,-123321.0,-123321.0,-123321.0,-123321.0,-123321.0,-123321.0,-123321.0,-123321.0,-123321.0
-123321.0,-123321.0,-123321.0,-123321.0,-123321.0,-123321.0,-123321.0,-123321.0,-123321.0,-123321.0,-123321.0,-123321.0
-123321.0,-123321.0,-123321.0,-123321.0,-123321.0,-123321.0,-123321.0,-123321.0,-123321.0,-123321.0,-123321.0,-123321.0
-123321.0,-123321.0,-123321.0,-123321.0,-123321.0,-123321.0,-123321.0,-123321.0,-123321.0,-123321.0,-123321.0,-123321.0
-123321.0,-123321.0,-123321.0,-123321.0,-123321.0,-123321.0,-123321.0,-123321.0,-123321.0,-123321.0,-123321.0,-123321.0
-123321.0,-123321.0,-123321.0,-123321.0,-123321.0,-123321.0,-123321.0,-123321.0,-123321.0,-123321.0,-123321.0,-123321.0
-123321.0,-123321.0,-123321.0,-123321.0,-123321.0,-123321.0,-123321.0,-123321.0,-123321.0,-123321.0,-123321.0,-123321.0
-123321.0,-123321.0,-123321.0,-123321.0,-123321.0,-123321.0,-123321.0,-123321.0,-123321.0,-123321.0,-123321.0,-123321.0
-123321.0,-123321.0,-123321.0,-123321.0,-123321.0,-123321.0,-123321.0,-123321.0,-123321.0,-123321.0,-123321.0,-123321.0
-123321.0,-123321.0,-123321.0,-123321.0,-123321.0,-123321.0,-123321.0,-123321.0,-123321.0,-123321.0,-123321.0,-123321.0
-123321.0,-123321.0,-123321.0,-123321.0,-123321.0,-123321.0,-123321.0,-123321.0,-123321.0,-123321.0,-123321.0,-123321.0
-123321.0,-123321.0,-123321.0,-123321.0,-123321.0,-123321.0,-123321.0,-123321.0,-123321.0,-123321.0,-123321.0,-123321.0
-123321.0,-123321.0,-123321.0,-123321.0,-123321.0,-123321.0,-123321.0,-123321.0,-123321.0,-123321.0,-123321.0,-123321.0
-123321.0,-123321.0,-123321.0,-123321.0,-123321.0,-123321.0,-123321.0,-123321.0,-123321.0,-123321.0,-123321.0,-123321.0
-123321.0,-123321.0,-123321.0,-123321.0,-123321.0,-123321.0,-123321.0,-123321.0,-123321.0,-123321.0,-123321.0,-123321.0
-123321.0,-123321.0,-123321.0,-123321.0,-123321.0,-123321.0,-123321.0,-123321.0,-123321.0,-123321.0,-123321.0,-123321.0
-123321.0,-123321.0,-123321.0,-123321.0,-123321.0,-123321.0,-123321.0,-123321.0,-123321.0,-123321.0,-123321.0,-123321.0
-123321.0,-123321.0,-123321.0,-123321.0,-123321.0,-123321.0,-123321.0,-123321.0,-123321.0,-123321.0,-123321.0,-123321.0
-123321.0,-123321.0,-123321.0,-123321.0,-123321.0,-123321.0,-123321.0,-123321.0,-123321.0,-123321.0,-123321.0,-123321.0
-123321.0,-123321.0,-123321.0,-123321.0,-123321.0,-123321.0,-123321.0,-123321.0,-123321.0,-123321.0,-123321.0,-123321.0
-123321.0,-123321.0,-123321.0,-123321.0,-123321.0,-123321.0,-123321.0,-123321.0,-123321.0,-123321.0,-123321.0,-123321.0
-123321.0,-123321.0,-123321.0,-123321.0,-123321.0,-123321.0,-123321.0,-123321.0,-123321.0,-123321.0,-123321.0,-123321.0
-123321.0,-123321.0,-123321.0,-123321.0,-123321.0,-123321.0,-123321.0,-123321.0,-123321.0,-123321.0,-123321.0,-123321.0
-123321.0,-123321.0,-123321.0,-123321.0,-123321.0,-123321.0,-123321.0,-123321.0,-123321.0,-123321.0,-123321.0,-123321.0
-123321.0,-123321.0,-123321.0,-123321.0,-123321.0,-123321.0,-123321.0,-123321.0,-123321.0,-123321.0,-123321.0,-123321.0
-123321.0,-123321.0,-123321.0,-123321.0,-123321.0,-123321.0,-123321.0,-123321.0,-123321.0,-123321.0,-123321.0,-123321.0
-123321.0,-123321.0,-123321.0,-123321.0,-123321.0,-123321.0,-123321.0,-123321.0,-123321.0,-123321.0,-123321.0,-123321.0
-123321.0,-123321.0,-123321.0,-123321.0,-123321.0,-123321.0,-123321.0,-123321.0,-123321.0,-123321.0,-123321.0,-123321.0
-123321.0,-123321.0,-123321.0,-123321.0,-123321.0,-123321.0,-123321.0,-123321.0,-123321.0,-123321.0,-123321.0,-123321.0
-123321.0,-123321.0,-123321.0,-123321.0,-123321.0,-123321.0,-123321.0,-123321.0,-123321.0,-123321.0,-123321.0,-123321.0
-123321.0,-123321.0,-123321.0,-123321.0,-123321.0,-123321.0,-123321.0,-123321.0,-123321.0,-123321.0,-123321.0,-123321.0
-123321.0,-123321.0,-123321.0,-123321.0,-123321.0,-123321.0,-123321.0,-123321.0,-123321.0,-123321.0,-123321.0,-123321.0
-123321.0,-123321.0,-123321.0,-123321.0,-123321.0,-123321.0,-123321.0,-123321.0,-123321.0,-123321.0,-123321.0,-123321.0
-123321.0,-123321.0,-123321.0,-123321.0,-123321.0,-123321.0,-123321.0,-123321.0,-123321.0,-123321.0,-123321.0,-123321.0
-123321.0,-123321.0,-123321.0,-123321.0,-123321.0,-123321.0,-123321.0,-123321.0,-123321.0,-123321.0,-123321.0,-123321.0
-123321.0,-123321.0,-123321.0,-123321.0,-123321.0,-123321.0,-123321.0,-123321.0,-123321.0,-123321.0,-123321.0,-123321.0
-123321.0,-123321.0,-123321.0,-123321.0,-123321.0,-123321.0,-123321.0,-123321.0,-123321.0,-123321.0,-123321.0,-123321.0
-123321.0,-123321.0,-123321.0,-123321.0,-123321.0,-123321.0,-123321.0,-123321.0,-123321.0,-123321.0,-123321.0,-123321.0
-123321.0,-123321.0,-123321.0,-123321.0,-123321.0,-123321.0,-123321.0,-123321.0,-123321.0,-123321.0,-123321.0,-123321.0
-123321.0,-123321.0,-123321.0,-123321.0,-123321.0,-123321.0,-123321.0,-123321.0,-123321.0,-123321.0,-123321.0,-123321.0
-123321.0,-123321.0,-123321.0,-123321.0,-123321.0,-123321.0,-123321.0,-123321.0,-123321.0,-123321.0,-123321.0,-123321.0
-123321.0,-123321.0,-123321.0,-123321.0,-123321.0,-123321.0,-123321.0,-123321.0,-123321.0,-123321.0,-123321.0,-123321.0
-123321.0,-123321.0,-123321.0,-123321.0,-123321.0,-123321.0,-123321.0,-123321.0,-123321.0,-123321.0,-123321.0,-123321.0
-123321.0,-123321.0,-123321.0,-123321.0,-123321.0,-123321.0,-123321.0,-123321.0,-123321.0,-123321.0,-123321.0,-123321.0
-123321.0,-123321.0,-123321.0,-123321.0,-123321.0,-123321.0,-123321.0,-123321.0,-123321.0,-123321.0,-123321.0,-123321.0
-123321.0,-123321.0,-123321.0,-123321.0,-123321.0,-123321.0,-123321.0,-123321.0,-123321.0,-123321.0,-123321.0,-123321.0
-123321.0,-123321.0,-123321.0,-123321.0,-123321.0,-123321.0,-123321.0,-123321.0,-123321.0,-123321.0,-123321.0,-123321.0
-123321.0,-123321.0,-123321.0,-123321.0,-123321.0,-123321.0,-123321.0,-123321.0,-123321.0,-123321.0,-123321.0,-123321.0
-123321.0,-123321.0,-123321.0,-123321.0,-123321.0,-123321.0,-123321.0,-123321.0,-123321.0,-123321.0,-123321.0,-123321.0
-123321.0,-123321.0,-123321.0,-123321.0,-123321.0,-123321.0,-123321.0,-123321.0,-123321.0,-123321.0,-123321.0,-123321.0
-123321.0,-123321.0,-123321.0,-123321.0,-123321.0,-123321.0,-123321.0,-123321.0,-123321.0,-123321.0,-123321.0,-123321.0
-123321.0,-123321.0,-123321.0,-123321.0,-123321.0,-123321.0,-123321.0,-123321.0,-123321.0,-123321.0,-123321.0,-123321.0
-123321.0,-123321.0,-123321.0,-123321.0,-123321.0,-123321.0,-123321.0,-123321.0,-123321.0,-123321.0,-123321.0,-123321.0
-123321.0,-123321.0,-123321.0,-123321.0,-123321.0,-123321.0,-123321.0,-123321.0,-123321.0,-123321.0,-123321.0,-123321.0
-123321.0,-123321.0,-123321.0,-123321.0,-123321.0,-123321.0,-123321.0,-123321.0,-123321.0,-123321.0,-123321.0,-123321.0
-123321.0,-123321.0,-123321.0,-123321.0,-123321.0,-123321.0,-123321.0,-123321.0,-123321.0,-123321.0,-123321.0,-123321.0
-123321.0,-123321.0,-123321.0,-123321.0,-123321.0,-123321.0,-123321.0,-123321.0,-123321.0,-123321.0,-123321.0,-123321.0
-123321.0,-123321.0,-123321.0,-123321.0,-123321.0,-123321.0,-123321.0,-123321.0,-123321.0,-123321.0,-123321.0,-123321.0
-123321.0,-123321.0,-123321.0,-123321.0,-123321.0,-123321.0,-123321.0,-123321.0,-123321.0,-123321.0,-123321.0,-123321.0
-123321.0,-123321.0,-123321.0,-123321.0,-123321.0,-123321.0,-123321.0,-123321.0,-123321.0,-123321.0,-123321.0,-123321.0
-123321.0,-123321.0,-123321.0,-123321.0,-123321.0,-123321.0,-123321.0,-123321.0,-123321.0,-123321.0,-123321.0,-123321.0
-123321.0,-123321.0,-123321.0,-123321.0,-123321.0,-123321.0,-123321.0,-123321.0,-123321.0,-123321.0,-123321.0,-123321.0
-123321.0,-123321.0,-123321.0,-123321.0,-123321.0,-123321.0,-123321.0,-123321.0,-123321.0,-123321.0,-123321.0,-123321.0
-123321.0,-123321.0,-123321.0,-123321.0,-123321.0,-123321.0,-123321.0,-123321.0,-123321.0,-123321.0,-123321.0,-123321.0
-123321.0,-123321.0,-123321.0,-123321.0,-123321.0,-123321.0,-123321.0,-123321.0,-123321.0,-123321.0,-123321.0,-123321.0
-123321.0,-123321.0,-123321.0,-123321.0,-123321.0,-123321.0,-123321.0,-123321.0,-123321.0,-123321.0,-123321.0,-123321.0
-123321.0,-123321.0,-123321.0,-123321.0,-123321.0,-123321.0,-123321.0,-123321.0,-123321.0,-123321.0,-123321.0,-123321.0
-123321.0,-123321.0,-123321.0,-123321.0,-123321.0,-123321.0,-123321.0,-123321.0,-123321.0,-123321.0,-123321.0,-123321.0
-123321.0,-123321.0,-123321.0,-123321.0,-123321.0,-123321.0,-123321.0,-123321.0,-123321.0,-123321.0,-123321.0,-123321.0
-123321.0,-123321.0,-123321.0,-123321.0,-123321.0,-123321.0,-123321.0,-123321.0,-123321.0,-123321.0,-123321.0,-123321.0
-123321.0,-123321.0,-123321.0,-123321.0,-123321.0,-123321.0,-123321.0,-123321.0,-123321.0,-123321.0,-123321.0,-123321.0
-123321.0,-123321.0,-123321.0,-123321.0,-123321.0,-123321.0,-123321.0,-123321.0,-123321.0,-123321.0,-123321.0,-123321.0
-123321.0,-123321.0,-123321.0,-123321.0,-123321.0,-123321.0,-123321.0,-123321.0,-123321.0,-123321.0,-123321.0,-123321.0
-123321.0,-123321.0,-123321.0,-123321.0,-123321.0,-123321.0,-123321.0,-123321.0,-123321.0,-123321.0,-123321.0,-123321.0
-123321.0,-123321.0,-123321.0,-123321.0,-123321.0,-123321.0,-123321.0,-123321.0,-123321.0,-123321.0,-123321.0,-123321.0
-123321.0,-123321.0,-123321.0,-123321.0,-123321.0,-123321.0,-123321.0,-123321.0,-123321.0,-123321.0,-123321.0,-123321.0
-123321.0,-123321.0,-123321.0,-123321.0,-123321.0,-123321.0,-123321.0,-123321.0,-123321.0,-123321.0,-123321.0,-123321.0
-123321.0,-123321.0,-123321.0,-123321.0,-123321.0,-123321.0,-123321.0,-123321.0,-123321.0,-123321.0,-123321.0,-123321.0
-123321.0,-123321.0,-123321.0,-123321.0,-123321.0,-123321.0,-123321.0,-123321.0,-123321.0,-123321.0,-123321.0,-123321.0
-123321.0,-123321.0,-123321.0,-123321.0,-123321.0,-123321.0,-123321.0,-123321.0,-123321.0,-123321.0,-123321.0,-123321.0
-123321.0,-123321.0,-123321.0,-123321.0,-123321.0,-123321.0,-123321.0,-123321.0,-123321.0,-123321.0,-123321.0,-123321.0
-123321.0,-123321.0,-123321.0,-123321.0,-123321.0,-123321.0,-123321.0,-123321.0,-123321.0,-123321.0,-123321.0,-123321.0
-123321.0,-123321.0,-123321.0,-123321.0,-123321.0,-123321.0,-123321.0,-123321.0,-123321.0,-123321.0,-123321.0,-123321.0
-123321.0,-123321.0,-123321.0,-123321.0,-123321.0,-123321.0,-123321.0,-123321.0,-123321.0,-123321.0,-123321.0,-123321.0
-123321.0,-123321.0,-123321.0,-123321.0,-123321.0,-123321.0,-123321.0,-123321.0,-123321.0,-123321.0,-123321.0,-123321.0
-123321.0,-123321.0,-123321.0,-123321.0,-123321.0,-123321.0,-123321.0,-123321.0,-123321.0,-123321.0,-123321.0,-123321.0
-123321.0,-123321.0,-123321.0,-123321.0,-123321.0,-123321.0,-123321.0,-123321.0,-123321.0,-123321.0,-123321.0,-123321.0
-123321.0,-123321.0,-123321.0,-123321.0,-123321.0,-123321.0,-123321.0,-123321.0,-123321.0,-123321.0,-123321.0,-123321.0
-123321.0,-123321.0,-123321.0,-123321.0,-123321.0,-123321.0,-123321.0,-123321.0,-123321.0,-123321.0,-123321.0,-123321.0
-123321.0,-123321.0,-123321.0,-123321.0,-123321.0,-123321.0,-123321.0,-123321.0,-123321.0,-123321.0,-123321.0,-123321.0
-123321.0,-123321.0,-123321.0,-123321.0,-123321.0,-123321.0,-123321.0,-123321.0,-123321.0,-123321.0,-123321.0,-123321.0
-123321.0,-123321.0,-123321.0,-123321.0,-123321.0,-123321.0,-123321.0,-123321.0,-123321.0,-123321.0,-123321.0,-123321.0
-123321.0,-123321.0,-123321.0,-123321.0,-123321.0,-123321.0,-123321.0,-123321.0,-123321.0,-123321.0,-123321.0,-123321.0
-123321.0,-123321.0,-123321.0,-123321.0,-123321.0,-123321.0,-123321.0,-123321.0,-123321.0,-123321.0,-123321.0,-123321.0
-123321.0,-123321.0,-123321.0,-123321.0,-123321.0,-123321.0,-123321.0,-123321.0,-123321.0,-123321.0,-123321.0,-123321.0
-123321.0,-123321.0,-123321.0,-123321.0,-123321.0,-123321.0,-123321.0,-123321.0,-123321.0,-123321.0,-123321.0,-123321.0
-123321.0,-123321.0,-123321.0,-123321.0,-123321.0,-123321.0,-123321.0,-123321.0,-123321.0,-123321.0,-123321.0,-123321.0
-123321.0,-123321.0,-123321.0,-123321.0,-123321.0,-123321.0,-123321.0,-123321.0,-123321.0,-123321.0,-123321.0,-123321.0
-123321.0,-123321.0,-123321.0,-123321.0,-123321.0,-123321.0,-123321.0,-123321.0,-123321.0,-123321.0,-123321.0,-123321.0
-123321.0,-123321.0,-123321.0,-123321.0,-123321.0,-123321.0,-123321.0,-123321.0,-123321.0,-123321.0,-123321.0,-123321.0
-123321.0,-123321.0,-123321.0,-123321.0,-123321.0,-123321.0,-123321.0,-123321.0,-123321.0,-123321.0,-123321.0,-123321.0
-123321.0,-123321.0,-123321.0,-123321.0,-123321.0,-123321.0,-123321.0,-123321.0,-123321.0,-123321.0,-123321.0,-123321.0
-123321.0,-123321.0,-123321.0,-123321.0,-123321.0,-123321.0,-123321.0,-123321.0,-123321.0,-123321.0,-123321.0,-123321.0
-123321.0,-123321.0,-123321.0,-123321.0,-123321.0,-123321.0,-123321.0,-123321.0,-123321.0,-123321.0,-123321.0,-123321.0
-123321.0,-123321.0,-123321.0,-123321.0,-123321.0,-123321.0,-123321.0,-123321.0,-123321.0,-123321.0,-123321.0,-123321.0
-123321.0,-123321.0,-123321.0,-123321.0,-123321.0,-123321.0,-123321.0,-123321.0,-123321.0,-123321.0,-123321.0,-123321.0
-123321.0,-123321.0,-123321.0,-123321.0,-123321.0,-123321.0,-123321.0,-123321.0,-123321.0,-123321.0,-123321.0,-123321.0
-123321.0,-123321.0,-123321.0,-123321.0,-123321.0,-123321.0,-123321.0,-123321.0,-123321.0,-123321.0,-123321.0,-123321.0
-123321.0,-123321.0,-123321.0,-123321.0,-123321.0,-123321.0,-123321.0,-123321.0,-123321.0,-123321.0,-123321.0,-123321.0
-123321.0,-123321.0,-123321.0,-123321.0,-123321.0,-123321.0,-123321.0,-123321.0,-123321.0,-123321.0,-123321.0,-123321.0
-123321.0,-123321.0,-123321.0,-123321.0,-123321.0,-123321.0,-123321.0,-123321.0,-123321.0,-123321.0,-123321.0,-123321.0
-123321.0,-123321.0,-123321.0,-123321.0,-123321.0,-123321.0,-123321.0,-123321.0,-123321.0,-123321.0,-123321.0,-123321.0
-123321.0,-123321.0,-123321.0,-123321.0,-123321.0,-123321.0,-123321.0,-123321.0,-123321.0,-123321.0,-123321.0,-123321.0
-123321.0,-123321.0,-123321.0,-123321.0,-123321.0,-123321.0,-123321.0,-123321.0,-123321.0,-123321.0,-123321.0,-123321.0
-123321.0,-123321.0,-123321.0,-123321.0,-123321.0,-123321.0,-123321.0,-123321.0,-123321.0,-123321.0,-123321.0,-123321.0
-123321.0,-123321.0,-123321.0,-123321.0,-123321.0,-123321.0,-123321.0,-123321.0,-123321.0,-123321.0,-123321.0,-123321.0
-123321.0,-123321.0,-123321.0,-123321.0,-123321.0,-123321.0,-123321.0,-123321.0,-123321.0,-123321.0,-123321.0,-123321.0
-123321.0,-123321.0,-123321.0,-123321.0,-123321.0,-123321.0,-123321.0,-123321.0,-123321.0,-123321.0,-123321.0,-123321.0
-123321.0,-123321.0,-123321.0,-123321.0,-123321.0,-123321.0,-123321.0,-123321.0,-123321.0,-123321.0,-123321.0,-123321.0
-123321.0,-123321.0,-123321.0,-123321.0,-123321.0,-123321.0,-123321.0,-123321.0,-123321.0,-123321.0,-123321.0,-123321.0
-123321.0,-123321.0,-123321.0,-123321.0,-123321.0,-123321.0,-123321.0,-123321.0,-123321.0,-123321.0,-123321.0,-123321.0
-123321.0,-123321.0,-123321.0,-123321.0,-123321.0,-123321.0,-123321.0,-123321.0,-123321.0,-123321.0,-123321.0,-123321.0
-123321.0,-123321.0,-123321.0,-123321.0,-123321.0,-123321.0,-123321.0,-123321.0,-123321.0,-123321.0,-123321.0,-123321.0
-123321.0,-123321.0,-123321.0,-123321.0,-123321.0,-123321.0,-123321.0,-123321.0,-123321.0,-123321.0,-123321.0,-123321.0
-123321.0,-123321.0,-123321.0,-123321.0,-123321.0,-123321.0,-123321.0,-123321.0,-123321.0,-123321.0,-123321.0,-123321.0
-123321.0,-123321.0,-123321.0,-123321.0,-123321.0,-123321.0,-123321.0,-123321.0,-123321.0,-123321.0,-123321.0,-123321.0
-123321.0,-123321.0,-123321.0,-123321.0,-123321.0,-123321.0,-123321.0,-123321.0,-123321.0,-123321.0,-123321.0,-123321.0
-123321.0,-123321.0,-123321.0,-123321.0,-123321.0,-123321.0,-123321.0,-123321.0,-123321.0,-123321.0,-123321.0,-123321.0
-123321.0,-123321.0,-123321.0,-123321.0,-123321.0,-123321.0,-123321.0,-123321.0,-123321.0,-123321.0,-123321.0,-123321.0
-123321.0,-123321.0,-123321.0,-123321.0,-123321.0,-123321.0,-123321.0,-123321.0,-123321.0,-123321.0,-123321.0,-123321.0
-123321.0,-123321.0,-123321.0,-123321.0,-123321.0,-123321.0,-123321.0,-123321.0,-123321.0,-123321.0,-123321.0,-123321.0
-123321.0,-123321.0,-123321.0,-123321.0,-123321.0,-123321.0,-123321.0,-123321.0,-123321.0,-123321.0,-123321.0,-123321.0
-123321.0,-123321.0,-123321.0,-123321.0,-123321.0,-123321.0,-123321.0,-123321.0,-123321.0,-123321.0,-123321.0,-123321.0
-123321.0,-123321.0,-123321.0,-123321.0,-123321.0,-123321.0,-123321.0,-123321.0,-123321.0,-123321.0,-123321.0,-123321.0
-123321.0,-123321.0,-123321.0,-123321.0,-123321.0,-123321.0,-123321.0,-123321.0,-123321.0,-123321.0,-123321.0,-123321.0
-123321.0,-123321.0,-123321.0,-123321.0,-123321.0,-123321.0,-123321.0,-123321.0,-123321.0,-123321.0,-123321.0,-123321.0
-123321.0,-123321.0,-123321.0,-123321.0,-123321.0,-123321.0,-123321.0,-123321.0,-123321.0,-123321.0,-123321.0,-123321.0
-123321.0,-123321.0,-123321.0,-123321.0,-123321.0,-123321.0,-123321.0,-123321.0,-123321.0,-123321.0,-123321.0,-123321.0
-123321.0,-123321.0,-123321.0,-123321.0,-123321.0,-123321.0,-123321.0,-123321.0,-123321.0,-123321.0,-123321.0,-123321.0
-123321.0,-123321.0,-123321.0,-123321.0,-123321.0,-123321.0,-123321.0,-123321.0,-123321.0,-123321.0,-123321.0,-123321.0
-123321.0,-123321.0,-123321.0,-123321.0,-123321.0,-123321.0,-123321.0,-123321.0,-123321.0,-123321.0,-123321.0,-123321.0
-123321.0,-123321.0,-123321.0,-123321.0,-123321.0,-123321.0,-123321.0,-123321.0,-123321.0,-123321.0,-123321.0,-123321.0
-123321.0,-123321.0,-123321.0,-123321.0,-123321.0,-123321.0,-123321.0,-123321.0,-123321.0,-123321.0,-123321.0,-123321.0
-123321.0,-123321.0,-123321.0,-123321.0,-123321.0,-123321.0,-123321.0,-123321.0,-123321.0,-123321.0,-123321.0,-123321.0
-123321.0,-123321.0,-123321.0,-123321.0,-123321.0,-123321.0,-123321.0,-123321.0,-123321.0,-123321.0,-123321.0,-123321.0
-123321.0,-123321.0,-123321.0,-123321.0,-123321.0,-123321.0,-123321.0,-123321.0,-123321.0,-123321.0,-123321.0,-123321.0
-123321.0,-123321.0,-123321.0,-123321.0,-123321.0,-123321.0,-123321.0,-123321.0,-123321.0,-123321.0,-123321.0,-123321.0
-123321.0,-123321.0,-123321.0,-123321.0,-123321.0,-123321.0,-123321.0,-123321.0,-123321.0,-123321.0,-123321.0,-123321.0
-123321.0,-123321.0,-123321.0,-123321.0,-123321.0,-123321.0,-123321.0,-123321.0,-123321.0,-123321.0,-123321.0,-123321.0
-123321.0,-123321.0,-123321.0,-123321.0,-123321.0,-123321.0,-123321.0,-123321.0,-123321.0,-123321.0,-123321.0,-123321.0
-123321.0,-123321.0,-123321.0,-123321.0,-123321.0,-123321.0,-123321.0,-123321.0,-123321.0,-123321.0,-123321.0,-123321.0
-123321.0,-123321.0,-123321.0,-123321.0,-123321.0,-123321.0,-123321.0,-123321.0,-123321.0,-123321.0,-123321.0,-123321.0
-123321.0,-123321.0,-123321.0,-123321.0,-123321.0,-123321.0,-123321.0,-123321.0,-123321.0,-123321.0,-123321.0,-123321.0
-123321.0,-123321.0,-123321.0,-123321.0,-123321.0,-123321.0,-123321.0,-123321.0,-123321.0,-123321.0,-123321.0,-123321.0
-123321.0,-123321.0,-123321.0,-123321.0,-123321.0,-123321.0,-123321.0,-123321.0,-123321.0,-123321.0,-123321.0,-123321.0
-123321.0,-123321.0,-123321.0,-123321.0,-123321.0,-123321.0,-123321.0,-123321.0,-123321.0,-123321.0,-123321.0,-123321.0
-123321.0,-123321.0,-123321.0,-123321.0,-123321.0,-123321.0,-123321.0,-123321.0,-123321.0,-123321.0,-123321.0,-123321.0
-123321.0,-123321.0,-123321.0,-123321.0,-123321.0,-123321.0,-123321.0,-123321.0,-123321.0,-123321.0,-123321.0,-123321.0
-123321.0,-123321.0,-123321.0,-123321.0,-123321.0,-123321.0,-123321.0,-123321.0,-123321.0,-123321.0,-123321.0,-123321.0
-123321.0,-123321.0,-123321.0,-123321.0,-123321.0,-123321.0,-123321.0,-123321.0,-123321.0,-123321.0,-123321.0,-123321.0
-123321.0,-123321.0,-123321.0,-123321.0,-123321.0,-123321.0,-123321.0,-123321.0,-123321.0,-123321.0,-123321.0,-123321.0
-123321.0,-123321.0,-123321.0,-123321.0,-123321.0,-123321.0,-123321.0,-123321.0,-123321.0,-123321.0,-123321.0,-123321.0
-123321.0,-123321.0,-123321.0,-123321.0,-123321.0,-123321.0,-123321.0,-123321.0,-123321.0,-123321.0,-123321.0,-123321.0
-123321.0,-123321.0,-123321.0,-123321.0,-123321.0,-123321.0,-123321.0,-123321.0,-123321.0,-123321.0,-123321.0,-123321.0
-123321.0,-123321.0,-123321.0,-123321.0,-123321.0,-123321.0,-123321.0,-123321.0,-123321.0,-123321.0,-123321.0,-123321.0
-123321.0,-123321.0,-123321.0,-123321.0,-123321.0,-123321.0,-123321.0,-123321.0,-123321.0,-123321.0,-123321.0,-123321.0
-123321.0,-123321.0,-123321.0,-123321.0,-123321.0,-123321.0,-123321.0,-123321.0,-123321.0,-123321.0,-123321.0,-123321.0
-123321.0,-123321.0,-123321.0,-123321.0,-123321.0,-123321.0,-123321.0,-123321.0,-123321.0,-123321.0,-123321.0,-123321.0
-123321.0,-123321.0,-123321.0,-123321.0,-123321.0,-123321.0,-123321.0,-123321.0,-123321.0,-123321.0,-123321.0,-123321.0
-123321.0,-123321.0,-123321.0,-123321.0,-123321.0,-123321.0,-123321.0,-123321.0,-123321.0,-123321.0,-123321.0,-123321.0
-123321.0,-123321.0,-123321.0,-123321.0,-123321.0,-123321.0,-123321.0,-123321.0,-123321.0,-123321.0,-123321.0,-123321.0
-123321.0,-123321.0,-123321.0,-123321.0,-123321.0,-123321.0,-123321.0,-123321.0,-123321.0,-123321.0,-123321.0,-123321.0
-123321.0,-123321.0,-123321.0,-123321.0,-123321.0,-123321.0,-123321.0,-123321.0,-123321.0,-123321.0,-123321.0,-123321.0
-123321.0,-123321.0,-123321.0,-123321.0,-123321.0,-123321.0,-123321.0,-123321.0,-123321.0,-123321.0,-123321.0,-123321.0
-123321.0,-123321.0,-123321.0,-123321.0,-123321.0,-123321.0,-123321.0,-123321.0,-123321.0,-123321.0,-123321.0,-123321.0
-123321.0,-123321.0,-123321.0,-123321.0,-123321.0,-123321.0,-123321.0,-123321.0,-123321.0,-123321.0,-123321.0,-123321.0
-123321.0,-123321.0,-123321.0,-123321.0,-123321.0,-123321.0,-123321.0,-123321.0,-123321.0,-123321.0,-123321.0,-123321.0
-123321.0,-123321.0,-123321.0,-123321.0,-123321.0,-123321.0,-123321.0,-123321.0,-123321.0,-123321.0,-123321.0,-123321.0
-123321.0,-123321.0,-123321.0,-123321.0,-123321.0,-123321.0,-123321.0,-123321.0,-123321.0,-123321.0,-123321.0,-123321.0
0.310881,0.518135,0.0,0.520833,0.520833,-0.414508,-0.300518,-0.297064,-0.388601,-0.326632,-0.248014,0.0
0.310559,0.931677,-0.020704,0.103627,0.103627,-0.393375,-0.383023,-0.351967,-0.434783,-0.446377,-0.344375,0.0
0.102775,0.102775,0.0,0.724638,0.724638,-0.842754,-1.007194,-0.993491,-1.089414,-1.131346,-1.03049,1.0
-0.820513,0.0,-1.025641,0.20555,0.20555,-0.738462,-1.097436,-1.107692,-1.2,-1.294769,-1.195897,0.0
0.0,0.0,0.0,0.0,0.0,-0.430769,-0.94359,-1.039316,-1.112821,-1.255385,-1.178803,0.0
0.0,0.0,0.0,0.0,0.0,-0.225641,-0.830769,-0.957265,-1.046154,-1.173333,-1.161709,0.0
-0.612245,0.0,-0.612245,0.512821,0.512821,-0.44898,-1.132653,-1.353741,-1.443878,-1.57551,-1.631973,0.0
-0.102775,0.4111,-0.102775,-0.714286,-0.714286,0.267215,-0.28777,-0.582391,-0.678314,-0.818088,-0.898253,-1.0
-0.103199,0.0,-0.206398,-0.4111,-0.4111,0.557276,0.216718,-0.137599,-0.232198,-0.359133,-0.47678,0.0
-0.206186,1.030928,-0.206186,0.103199,0.103199,0.350515,0.216495,-0.171821,-0.309278,-0.412371,-0.563574,0.0
-1.234568,0.205761,-1.234568,0.206186,0.206186,0.082305,0.082305,-0.322359,-0.468107,-0.576132,-0.709877,0.0
-1.538462,0.512821,-1.538462,0.308642,0.308642,-0.328205,-0.133333,-0.526496,-0.717949,-0.81641,-0.947009,0.0
-0.412797,0.309598,-0.412797,-0.615385,-0.615385,0.206398,0.443756,0.151359,-0.077399,-0.173375,-0.306158,-1.0
-0.512821,0.102564,-0.512821,0.619195,0.619195,-0.287179,-0.174359,-0.362393,-0.635897,-0.734359,-0.85812,1.0
-0.513347,0.821355,-0.821355,-0.102564,-0.102564,-0.102669,-0.082136,-0.164271,-0.462012,-0.595483,-0.701574,0.0
-0.817996,0.0,-1.022495,0.410678,0.410678,-0.388548,-0.460123,-0.483981,-0.797546,-0.940695,-1.05317,0.0
0.0,0.513347,-0.616016,-0.408998,-0.408998,-0.0,-0.112936,-0.020534,-0.318275,-0.492813,-0.595483,0.0
-0.717949,0.307692,-0.717949,0.102669,0.102669,0.020513,-0.194872,-0.109402,-0.34359,-0.549744,-0.652991,0.0
-0.614754,0.0,-0.819672,0.102564,0.102564,-0.061475,-0.22541,-0.204918,-0.36373,-0.602459,-0.706967,0.0
-0.205973,0.30896,-0.205973,-0.512295,-0.512295,0.391349,0.298661,0.281497,0.205973,-0.045314,-0.175077,-1.0
-0.617284,0.0,-0.617284,0.102987,0.102987,0.164609,0.195473,0.15775,0.138889,-0.115226,-0.246914,0.0
-0.206186,0.515464,-0.412371,-0.205761,-0.205761,0.28866,0.350515,0.295533,0.365979,0.131959,-0.020619,0.0
0.0,0.0,0.0,-0.206186,-0.206186,0.35124,0.547521,0.46832,0.547521,0.371901,0.199725,0.0
0.0,0.0,0.0,0.0,0.0,0.18595,0.475207,0.461433,0.511364,0.404959,0.213499,0.0
0.0,0.0,0.0,0.0,0.0,0.123967,0.413223,0.447658,0.475207,0.438017,0.241047,0.0
0.928793,0.928793,-0.103199,0.103306,0.103306,-0.04128,0.216718,0.323357,0.340557,0.350877,0.154799,0.0
0.0,0.0,0.0,0.0,0.0,-0.06192,0.165119,0.282078,0.283798,0.363261,0.185759,0.0
-0.513875,0.513875,-0.719424,0.412797,0.412797,-0.36999,-0.267215,-0.102775,-0.128469,-0.049332,-0.181569,0.0
0.0,0.0,0.0,0.0,0.0,-0.267215,-0.298047,-0.116478,-0.107914,-0.057554,-0.137033,0.0
0.0,0.0,0.0,0.0,0.0,-0.16444,-0.277492,-0.12333,-0.092497,-0.065776,-0.092497,0.0
0.0,0.0,0.0,0.20555,0.20555,-0.246154,-0.451282,-0.348718,-0.282051,-0.270769,-0.263248,0.0
0.0,0.0,0.0,0.0,0.0,-0.123077,-0.4,-0.34188,-0.282051,-0.291282,-0.232479,0.0
0.0,0.0,0.0,0.0,0.0,-0.082051,-0.328205,-0.34188,-0.251282,-0.283077,-0.225641,0.0
0.72314,0.72314,0.0,-0.717949,-0.717949,0.53719,0.392562,0.323691,0.433884,0.433884,0.471763,-1.0
0.0,0.0,0.0,0.0,0.0,0.433884,0.392562,0.30303,0.402893,0.42562,0.447658,0.0
0.0,0.0,0.0,0.0,0.0,0.289256,0.382231,0.275482,0.35124,0.409091,0.423554,0.0
0.0,0.0,0.0,0.0,0.0,0.144628,0.371901,0.261708,0.320248,0.380165,0.382231,0.0
0.0,0.0,0.0,0.0,0.0,0.0,0.320248,0.261708,0.284091,0.376033,0.365014,0.0
0.0,0.0,-0.102564,0.72314,0.72314,-0.574359,-0.379487,-0.410256,-0.441026,-0.344615,-0.335043,1.0
0.0,0.0,0.0,0.0,0.0,-0.430769,-0.358974,-0.362393,-0.420513,-0.340513,-0.317949,0.0
0.0,0.0,0.0,0.0,0.0,-0.287179,-0.358974,-0.321368,-0.405128,-0.352821,-0.307692,0.0
0.0,0.0,0.0,0.0,0.0,-0.14359,-0.358974,-0.280342,-0.379487,-0.348718,-0.307692,0.0
0.0,0.0,-0.206186,-0.512821,-0.512821,0.412371,0.103093,0.213058,0.14433,0.14433,0.209622,-1.0
0.0,0.0,0.0,0.0,0.0,0.309278,0.123711,0.19244,0.154639,0.119588,0.19244,0.0
0.0,0.0,0.0,0.0,0.0,0.206186,0.14433,0.171821,0.164948,0.115464,0.178694,0.0
0.0,0.0,0.0,0.0,0.0,0.103093,0.164948,0.137457,0.170103,0.107216,0.151203,0.0
0.0,0.0,0.0,0.0,0.0,0.0,0.185567,0.103093,0.175258,0.107216,0.137457,0.0
0.0,0.0,0.0,0.0,0.0,0.0,0.206186,0.068729,0.159794,0.115464,0.120275,0.0
0.0,0.0,0.0,0.0,0.0,0.0,0.154639,0.082474,0.14433,0.123711,0.099656,0.0
0.0,0.0,0.0,0.0,0.0,0.0,0.103093,0.09622,0.128866,0.131959,0.09622,0.0
-0.102987,0.0,-0.102987,0.103093,0.103093,-0.082389,-0.041195,0.013732,0.005149,0.037075,-0.010299,0.0
0.411946,0.411946,0.0,0.0,0.0,-0.061792,-0.082389,0.034329,-0.015448,0.045314,-0.006866,0.0
0.0,0.0,0.0,0.0,0.0,-0.041195,-0.072091,0.054926,-0.036045,0.037075,0.003433,0.0
0.0,0.410256,0.0,0.411946,0.411946,-0.348718,-0.430769,-0.355556,-0.410256,-0.365128,-0.382906,0.0
0.0,0.0,0.0,0.0,0.0,-0.246154,-0.379487,-0.355556,-0.374359,-0.356923,-0.358974,0.0
0.0,0.102354,0.0,0.205128,0.205128,-0.327533,-0.511771,-0.545889,-0.532242,-0.552712,-0.535653,0.0
0.0,0.0,0.0,0.0,0.0,-0.204708,-0.440123,-0.532242,-0.486182,-0.544524,-0.508359,0.0
0.102249,0.102249,0.0,0.102354,0.102354,-0.163599,-0.460123,-0.579414,-0.53681,-0.633947,-0.593047,0.0
-0.193897,0.0,-0.193897,0.194274,0.194274,-0.257169,-0.552097,-0.704834,-0.704664,-0.778039,-0.762323,0.0
-0.102041,0.0,-0.204082,0.010205,0.010205,-0.165306,-0.460204,-0.646939,-0.689286,-0.739184,-0.748639,0.0
0.0,0.0,0.0,0.0,0.0,-0.104082,-0.368367,-0.578912,-0.663776,-0.690204,-0.731633,0.0
-0.805639,2.719033,-0.805639,1.326531,1.326531,-1.089627,-1.451158,-1.726083,-1.873615,-1.889627,-1.970796,1.0
0.0,0.0,0.0,0.0,0.0,-0.787513,-1.229607,-1.571668,-1.757805,-1.788922,-1.910373,0.0
0.0,0.0,0.0,0.0,0.0,-0.523666,-1.048338,-1.417254,-1.641994,-1.716415,-1.826452,0.0
-4.693487,0.0,-4.693487,5.135952,5.135952,-4.157088,-5.221264,-5.760536,-6.092433,-6.253257,-6.37963,1.0
-1.375246,0.0,-1.571709,-2.490421,-2.490421,-0.962672,-2.397839,-3.045842,-3.458251,-3.68998,-3.82482,-1.0
-3.753609,0.0,-3.753609,2.062868,2.062868,-2.078922,-3.773821,-4.569137,-5.077478,-5.390183,-5.540905,1.0
0.0,0.0,0.0,0.0,0.0,-1.193455,-3.186718,-4.13282,-4.745428,-5.124543,-5.313122,0.0
0.0,0.0,0.0,-1.443696,-1.443696,0.859375,-1.337891,-2.409505,-3.086426,-3.523828,-3.766602,-1.0
0.0,0.0,0.0,-1.171875,-1.171875,1.422925,0.148221,-1.008564,-1.729743,-2.213834,-2.503623,-1.0
0.0,0.0,0.0,0.0,0.0,1.304348,0.464427,-0.777997,-1.527174,-2.047826,-2.381752,0.0
0.0,0.0,0.0,-0.6917,-0.6917,1.333333,1.283582,0.098839,-0.672139,-1.226269,-1.602322,-1.0
0.0,0.0,0.0,0.0,0.0,0.656716,1.402985,0.277944,-0.502985,-1.086965,-1.486235,0.0
0.299401,0.299401,0.0,-0.298507,-0.298507,0.518962,1.796407,0.725216,-0.070359,-0.663074,-1.08483,0.0
0.0,0.0,0.0,0.0,0.0,0.319361,1.377246,0.87159,0.064371,-0.535329,-0.978377,0.0
0.0,0.0,0.0,0.0,0.0,0.11976,1.217565,1.017964,0.189122,-0.411577,-0.871923,0.0
0.0,0.0,0.0,0.199601,0.199601,-0.099602,0.667331,0.889774,0.124004,-0.478486,-0.956507,0.0
0.0,0.0,0.0,0.0,0.0,-0.119522,0.318725,0.962815,0.253486,-0.347012,-0.843625,0.0
-0.49505,0.0,-0.49505,0.59761,0.59761,-0.554455,-0.415842,0.475248,-0.193069,-0.800396,-1.30066,1.0
-0.29703,0.0,-0.29703,0.0,0.0,-0.39604,-0.435644,0.250825,-0.044554,-0.661782,-1.168647,0.0
3.968939,15.185505,-2.67472,14.752475,14.752475,-10.491803,-11.967213,-11.826287,-12.122519,-12.804487,-13.333621,1.0
-4.09699,1.170569,-4.09699,3.192407,3.192407,-10.050167,-13.093645,-13.67893,-13.992475,-14.769565,-15.387681,1.0
0.42123,2.274642,-1.853412,-0.752508,-0.752508,-6.284751,-10.901432,-12.193204,-12.523168,-13.41904,-14.139568,-1.0
2.923474,3.095443,-0.859845,-2.021904,-2.021904,-1.71969,-7.678418,-9.584408,-9.987102,-11.00258,-11.828891,-1.0
2.731278,3.0837,-0.92511,-2.407567,-2.407567,2.907489,-4.229075,-6.631424,-7.365639,-8.260793,-9.183847,-1.0
2.242152,2.421525,0.0,-1.762115,-1.762115,3.964126,-1.497758,-4.340807,-5.269058,-6.130942,-7.142302,-1.0
-1.244444,0.0,-3.733333,0.896861,0.896861,1.777778,-1.297778,-4.48,-5.728889,-6.496,-7.529185,1.0
-1.60285,1.157614,-2.048085,-0.177778,-0.177778,0.819234,-0.062333,-3.60938,-5.186999,-5.866429,-6.934105,0.0
0.089366,0.893655,-1.251117,-0.356189,-0.356189,0.393208,1.26899,-2.567769,-4.423592,-5.079535,-6.187072,0.0
0.446429,0.892857,-1.785714,0.089366,0.089366,0.035714,2.160714,-1.952381,-4.026786,-4.892857,-5.854167,0.0
-2.595156,1.384083,-5.449827,3.214286,3.214286,-2.370242,-1.046713,-4.117647,-6.392734,-7.377163,-8.278547,1.0
-0.518583,1.555748,-1.901469,0.086505,0.086505,-1.901469,-1.469317,-3.318928,-5.816768,-7.049265,-7.885336,0.0
0.518135,0.863558,-0.086356,0.08643,0.08643,-1.381693,-1.804836,-2.515832,-5.237478,-6.71848,-7.489925,0.0
0.613497,2.103418,-0.876424,-1.468048,-1.468048,0.473269,-0.534619,-0.297984,-3.216477,-4.918493,-5.679229,-1.0
-2.434783,0.608696,-2.608696,0.788782,0.788782,0.208696,-1.182609,-0.266667,-3.330435,-5.182609,-6.110145,1.0
-2.293968,1.954121,-2.718777,2.347826,2.347826,-1.73322,-2.922685,-2.452563,-4.804588,-6.796941,-7.813651,1.0
-0.673401,1.010101,-3.030303,0.934579,0.934579,-2.121212,-3.291246,-3.400673,-4.911616,-7.043771,-8.249158,1.0
1.455479,1.455479,-0.256849,-1.683502,-1.683502,-0.273973,-1.25,-1.855023,-2.581336,-4.893836,-6.309932,-1.0
1.206897,1.293103,-0.862069,-0.684932,-0.684932,0.741379,-0.215517,-1.195402,-1.262931,-3.693103,-5.272989,-1.0
2.302923,3.144376,-0.797166,-2.672414,-2.672414,3.135518,2.604074,1.482138,1.975199,-0.59876,-2.326543,-1.0
-1.687389,1.776199,-1.687389,-0.265722,-0.265722,2.50444,2.611012,1.817644,2.100355,0.106572,-1.728834,0.0
-0.352734,0.617284,-0.352734,0.71048,0.71048,0.828924,1.684303,1.152263,1.106702,-0.141093,-2.042916,1.0
1.885099,2.333932,-0.448833,-1.763668,-1.763668,1.669659,3.114901,2.914423,2.594255,2.046679,0.041891,-1.0
-0.898473,1.527403,-0.898473,-0.089767,-0.089767,0.916442,2.955975,2.970949,2.461815,2.508535,0.464211,0.0
1.689498,1.826484,-0.456621,-1.617251,-1.617251,1.954338,4.146119,4.511416,3.96347,4.50411,2.398782,-1.0
-0.091075,0.637523,-0.637523,0.273973,0.273973,1.165756,3.142077,3.87371,3.602004,3.996357,2.410443,0.0
2.02765,2.304147,-1.013825,-1.183971,-1.183971,1.474654,3.428571,4.675883,4.658986,4.83318,3.886329,-1.0
1.486989,1.579926,-1.394052,-0.829493,-0.829493,1.6171,3.438662,5.043371,5.315985,5.297398,4.978315,-1.0
-3.377778,0.888889,-3.377778,4.553903,4.553903,-2.595556,-1.377778,0.373333,0.755556,0.576,0.746667,1.0
1.159679,2.586976,0.0,-0.355556,-0.355556,-1.784121,-1.097235,0.559025,1.119536,0.884924,1.436218,0.0
-0.354296,1.523472,-1.576616,0.713649,0.713649,-1.930912,-1.771479,-0.436965,0.283437,0.219663,0.628875,1.0
-0.883392,2.473498,-1.943463,0.265722,0.265722,-1.360424,-2.04947,-1.030624,-0.092756,-0.021201,0.173734,0.0
-0.438596,2.017544,-0.438596,0.706714,0.706714,-0.929825,-2.508772,-1.888889,-0.872807,-0.663158,-0.666667,1.0
-0.610288,1.351351,-0.87184,0.614035,0.614035,-1.150828,-2.807323,-2.563208,-1.451613,-1.171752,-1.319384,1.0
0.616197,1.232394,-3.080986,-0.959024,-0.959024,0.070423,-1.505282,-1.578638,-0.558979,-0.158451,-0.360915,-1.0
0.176211,0.352423,-0.969163,-0.088028,-0.088028,0.264317,-1.092511,-1.43906,-0.656388,-0.144493,-0.214391,0.0
-2.744425,0.428816,-2.830189,2.731278,2.731278,-1.818182,-3.027444,-3.876501,-3.391938,-2.768439,-2.750143,1.0
0.08643,0.950735,-1.382887,-0.77187,-0.77187,-0.760588,-1.573034,-2.881014,-2.687986,-2.015557,-1.895707,-1.0
-0.172117,0.860585,-1.032702,0.432152,0.432152,-0.929432,-1.678141,-3.017785,-3.098107,-2.364888,-2.194492,0.0
-1.612903,0.848896,-1.612903,1.376936,1.376936,-1.561969,-2.529711,-3.865308,-4.206282,-3.595925,-3.3588,1.0
0.084962,0.169924,-0.509771,-0.08489,-0.08489,-0.764656,-2.039082,-3.336165,-3.908241,-3.514019,-3.217219,0.0
-0.508475,0.423729,-0.847458,0.254885,0.254885,-0.779661,-1.881356,-3.045198,-3.957627,-3.786441,-3.398305,0.0
-5.76,1.52,-6.16,5.932203,5.932203,-4.848,-6.496,-7.546667,-8.792,-8.912,-8.562667,1.0
-0.396197,2.614897,-1.822504,0.96,0.96,-4.167987,-6.473851,-7.70206,-9.068938,-9.454834,-9.11252,1.0
0.634921,2.301587,-1.587302,-0.158479,-0.158479,-2.714286,-5.34127,-6.820106,-8.269841,-8.895238,-8.677249,0.0
-1.5625,0.078125,-2.109375,1.587302,1.587302,-2.625,-5.6875,-7.489583,-8.992188,-9.8375,-9.835938,1.0
-1.00077,1.69361,-1.308699,1.484375,1.484375,-2.21709,-6.04311,-7.98563,-9.499615,-10.648191,-10.8699,1.0
0.231303,0.616808,-0.77101,-0.153965,-0.153965,-1.341557,-4.818813,-7.036751,-8.508096,-9.946029,-10.400925,0.0
1.483216,1.483216,-0.468384,-1.233616,-1.233616,0.187354,-2.701015,-5.178246,-6.75644,-8.296643,-8.966953,-1.0
1.420679,1.736385,-0.552486,-1.092896,-1.092896,1.404893,-0.923441,-3.4412,-5.149961,-6.740331,-7.598001,-1.0
-0.627451,0.235294,-3.372549,0.631413,0.631413,0.690196,-0.776471,-3.315033,-5.172549,-6.770196,-7.788235,1.0
0.0,0.784314,-1.560784,0.0,0.0,0.313725,-0.031373,-2.745098,-4.611765,-6.174118,-7.419608,0.0
-0.546875,0.703125,-0.625,0.392157,0.392157,-0.34375,-0.1875,-2.484375,-4.4375,-5.903125,-7.348958,0.0
1.102362,1.259843,-0.07874,-0.78125,-0.78125,0.267717,0.661417,-1.149606,-3.200787,-4.705512,-6.207349,-1.0
0.475813,1.506741,-0.396511,-0.708661,-0.708661,0.888184,1.387787,-0.005287,-2.014274,-3.581285,-5.099128,-1.0
0.753669,1.547005,-0.198334,-0.039651,-0.039651,0.698136,1.273304,0.476002,-1.477588,-3.125744,-4.63176,0.0
0.878594,1.837061,-0.239617,-0.674336,-0.674336,1.014377,1.585463,1.541534,-0.465256,-2.084665,-3.53967,-1.0
1.76565,2.086677,-0.802568,-0.479233,-0.479233,0.955056,1.665329,2.009096,0.371188,-1.272873,-2.620385,0.0
1.212611,1.212611,-1.293452,-0.722311,-0.722311,1.156023,2.049313,2.616545,1.404608,-0.263541,-1.610078,-1.0
1.639344,1.639344,-0.901639,-1.374293,-1.374293,1.893443,3.086066,3.827869,2.989754,1.401639,0.031421,-1.0
3.544304,3.544304,-0.253165,-2.868852,-2.868852,3.628692,5.371308,6.360056,6.065401,4.565401,3.14346,-1.0
0.0,0.336984,-0.926706,0.168776,0.168776,2.358888,4.452401,5.551811,5.916175,4.459983,3.124122,0.0
0.676247,1.437025,-0.760778,-0.336984,-0.336984,1.639899,3.98563,5.266272,5.991124,4.901099,3.59397,0.0
-0.673968,1.095198,-0.84246,0.338123,0.338123,0.454928,2.935973,4.3836,5.318029,4.631845,3.357203,0.0
-0.5,2.416667,-4.083333,1.095198,1.095198,-0.966667,1.3125,2.880556,3.927083,3.571667,2.415278,1.0
4.166667,4.75,-3.666667,0.0,0.0,-0.716667,0.808333,2.463889,3.59375,3.648333,2.595833,0.0
0.0,0.0,0.0,0.0,0.0,-0.5,0.375,2.047222,3.18125,3.715,2.690278,0.0
-0.420168,0.840336,-0.420168,-0.833333,-0.833333,0.453782,0.747899,2.40056,3.598739,4.384874,3.645658,-1.0
2.564103,2.564103,-0.42735,-1.680672,-1.680672,1.880342,1.897436,3.581197,4.895299,5.854701,5.440171,-1.0
1.298701,1.298701,-0.34632,-1.282051,-1.282051,2.424242,2.658009,4.314574,5.772727,6.865801,6.743146,-1.0
1.235658,2.471315,-1.147396,-1.904762,-1.904762,3.230362,4.19241,5.589879,7.199912,8.421889,8.686378,-1.0
1.265823,2.079566,-0.361664,-2.383054,-2.383054,4.050633,6.003617,7.287523,9.052893,10.370705,11.116637,-1.0
1.186131,1.186131,-0.456204,-0.904159,-0.904159,3.284672,6.177007,7.354015,9.208485,10.644161,11.662105,-1.0
1.937269,2.075646,0.0,-1.094891,-1.094891,2.841328,6.402214,7.601476,9.559502,11.142066,12.350861,-1.0
0.40553,1.382488,-0.663594,0.092251,0.092251,1.456221,5.24424,6.672811,8.647465,10.368664,11.709677,0.0
0.090992,1.455869,-0.363967,1.290323,1.290323,-0.454959,2.984531,4.792235,6.528662,8.322111,9.73764,1.0
9.306931,9.306931,-0.990099,-8.098271,-8.098271,6.415842,10.178218,12.858086,14.717822,16.817822,18.453795,-1.0
2.434077,3.955375,-0.10142,-2.376238,-2.376238,6.774848,10.791075,14.273158,16.191684,18.46856,20.285666,-1.0
1.554404,2.590674,-1.554404,-2.129817,-2.129817,6.632124,11.07772,15.226252,17.310881,19.782383,21.811744,-1.0
-1.64271,5.13347,-1.64271,0.932642,0.932642,3.367556,8.193018,12.614648,14.964066,17.49692,19.683436,1.0
-2.431611,0.0,-7.892604,1.334702,1.334702,-0.263425,5.288754,9.692671,12.446809,14.840932,17.134414,1.0
2.865916,5.015353,-0.307062,-1.013171,-1.013171,0.081883,5.046059,9.293756,12.52303,14.890481,17.316615,-1.0
-2.288557,3.084577,-2.487562,2.865916,2.865916,-2.328358,1.21393,5.021559,8.502488,10.730348,13.135987,1.0
-0.976562,0.0,-1.5625,1.890547,1.890547,-2.988281,-1.25,2.122396,5.693359,7.84375,10.236003,1.0
2.602603,3.703704,-1.101101,-2.441406,-2.441406,-0.06006,0.36036,3.63697,7.332332,9.657658,12.120454,-1.0
0.717213,3.586066,-0.204918,-2.302302,-2.302302,2.069672,1.465164,5.006831,8.714139,11.385246,13.790984,-1.0
0.102564,2.051282,-0.615385,-0.102459,-0.102459,2.133333,1.210256,4.218803,7.671795,10.629744,12.960684,0.0
0.103627,1.264249,-1.139896,-1.025641,-1.025641,2.362694,2.041451,4.393782,7.621762,10.872539,13.160622,-1.0
-1.226994,1.431493,-1.226994,1.34715,1.34715,0.06135,0.817996,2.283572,5.209611,8.543967,10.773688,1.0
-2.21998,1.311806,-2.825429,1.329243,1.329243,-1.412714,-0.332997,0.309452,3.002018,6.276488,8.550286,1.0
-3.495146,1.067961,-3.980583,3.935419,3.935419,-4.097087,-3.68932,-3.935275,-1.398058,1.592233,3.938511,1.0
5.583756,6.294416,-3.147208,-4.368932,-4.368932,0.48731,0.791878,0.284264,2.492386,5.360406,8.003384,-1.0
-1.208459,3.423968,-1.208459,0.812183,0.812183,0.241692,-0.140987,-0.47667,1.148036,3.718026,6.495468,1.0
-0.5,1.5,-0.5,0.704935,0.704935,-0.02,-1.08,-0.94,0.02,2.312,5.126667,1.0
0.505561,1.112235,-1.415571,-1.1,-1.1,1.051567,-0.08089,0.262892,0.647118,2.778564,5.584766,-1.0
-2.173913,2.272727,-2.173913,2.325581,2.325581,-1.600791,-1.996047,-1.85112,-2.070158,-0.035573,2.565876,1.0
1.701702,2.002002,-0.3003,-1.284585,-1.284585,-0.04004,-0.48048,-0.427094,-0.850851,0.836837,3.229897,-1.0
-1.7769,1.283317,-1.875617,1.401401,1.401401,-1.026654,-1.382034,-1.750576,-2.087858,-0.884501,1.220796,1.0
0.4,2.5,-1.7,-1.283317,-1.283317,0.26,0.12,-0.633333,-0.64,0.068,1.97,-1.0
-2.348337,1.272016,-2.348337,2.2,2.2,-1.252446,-1.731898,-2.622309,-2.544031,-2.332681,-0.658839,1.0
-1.169591,0.974659,-1.559454,0.391389,0.391389,-1.364522,-2.153996,-2.677063,-2.733918,-2.998051,-1.393762,0.0
1.584158,2.475248,-1.287129,-1.559454,-1.559454,0.415842,-0.356436,-0.90429,-1.029703,-1.461386,-0.148515,-1.0
4.145078,4.145078,-0.414508,-4.455446,-4.455446,4.103627,4.0,3.716753,3.378238,3.046632,4.055268,-1.0
3.644159,5.6806,-2.036442,-3.316062,-3.316062,6.237942,6.848875,6.952483,6.436227,6.44373,7.084673,-1.0
17.462312,18.718593,-0.125628,-14.683816,-14.683816,18.844221,22.81407,23.726968,23.479899,23.869347,24.304858,-1.0
4.712042,4.712042,-6.675393,-4.020101,-4.020101,16.963351,24.712042,26.588133,27.264398,27.890052,28.049738,-1.0
-3.274559,2.015113,-7.178841,3.926702,3.926702,7.103275,17.418136,20.201511,21.316121,22.13602,22.304786,1.0
-2.794654,1.45808,-5.224787,3.652393,3.652393,-0.121507,10.972053,14.588902,16.178615,16.947752,17.334953,1.0
-2.747909,3.584229,-2.747909,1.701094,1.701094,-4.086022,7.168459,11.373955,13.39307,14.097969,14.862605,1.0
-3.990878,1.824401,-3.990878,4.778973,4.778973,-6.613455,0.627138,5.442797,7.571266,8.337514,9.255036,1.0
2.588235,3.058824,-2.235294,-3.078677,-3.078677,-1.623529,1.752941,7.521569,9.929412,11.185882,12.188235,-1.0
1.787843,1.787843,-3.098927,-1.294118,-1.294118,0.738975,1.048868,7.659913,10.500596,11.995232,13.110846,-1.0
-0.119617,0.358852,-2.511962,-0.357569,-0.357569,1.411483,-0.131579,6.634769,9.958134,11.779904,12.842903,0.0
1.201923,2.163462,-1.442308,-0.478469,-0.478469,1.778846,-0.865385,5.801282,9.477163,11.615385,12.616186,0.0
0.0,1.204819,-1.686747,-0.240385,-0.240385,0.891566,-0.216867,4.514056,8.783133,11.108434,12.208835,0.0
1.226994,3.680982,-0.490798,-1.807229,-1.807229,1.889571,2.245399,4.711656,9.576687,12.09816,13.615542,-1.0
0.739827,2.096178,-1.602959,-0.490798,-0.490798,1.701603,2.959309,3.592273,8.958076,11.792848,13.50185,0.0
1.239157,1.610905,-0.991326,-0.493218,-0.493218,1.486989,3.271375,2.800496,8.221809,11.425031,13.411813,0.0
1.769912,5.815424,-1.1378,-1.982652,-1.982652,2.503161,4.778761,3.683102,9.08976,12.621997,14.917826,-1.0
-1.618929,0.622665,-3.138232,1.517067,1.517067,0.298879,2.291407,2.191781,6.09589,10.012453,12.420091,1.0
-0.124844,0.62422,-1.373283,-0.249066,-0.249066,0.19975,1.935081,2.75489,4.956305,9.233458,11.747815,0.0
0.500626,1.126408,-0.750939,-0.249688,-0.249688,0.150188,1.689612,3.053817,3.898623,8.505632,11.251564,0.0
2.824134,4.621309,-1.283697,-2.503129,-2.503129,2.002567,3.568678,5.323064,5.372272,10.089859,13.192127,-1.0
-1.257862,0.377358,-1.257862,2.053915,2.053915,0.050314,1.018868,2.851153,2.383648,6.842767,10.054507,1.0
2.053915,5.134788,-1.283697,-2.012579,-2.012579,1.489089,2.439024,4.124947,4.377407,7.789474,11.416346,-1.0
5.135135,5.135135,-2.297297,-5.006418,-5.006418,5.189189,6.824324,8.621622,9.716216,11.924324,16.063063,-1.0
6.456241,6.456241,-0.860832,-5.810811,-5.810811,8.751793,11.779053,13.96461,15.789096,17.032999,21.779053,-1.0
2.785924,6.01173,-2.199413,-2.15208,-2.15208,8.29912,12.404692,14.965787,17.302053,17.947214,22.839687,-1.0
-3.253182,0.848656,-3.536068,3.665689,3.665689,1.980198,7.241867,9.721829,12.234795,12.497878,17.114569,1.0
0.70922,2.553191,-0.992908,-0.282885,-0.282885,0.170213,6.156028,8.851064,11.333333,12.300709,15.947991,0.0
-1.818182,0.979021,-1.958042,1.41844,1.41844,-1.93007,3.468531,6.39627,8.832168,10.455944,12.876457,1.0
-1.925722,0.687758,-2.338377,1.678322,1.678322,-2.723521,0.770289,3.869785,6.265475,8.264099,9.715727,1.0
1.108033,1.385042,-0.831025,-0.687758,-0.687758,-0.941828,0.67867,3.804247,6.211911,8.454294,9.353647,-1.0
0.696379,0.696379,-2.228412,-0.554017,-0.554017,-0.083565,0.167131,3.704735,6.009749,8.395543,8.964717,-1.0
-1.912568,0.819672,-3.551913,1.949861,1.949861,-1.256831,-2.39071,1.074681,3.312842,5.530055,6.589253,1.0
0.137363,2.472527,-0.412088,-0.546448,-0.546448,-0.357143,-2.019231,0.961538,3.282967,5.43956,7.010073,-1.0
-1.621622,0.810811,-2.297297,1.648352,1.648352,-1.621622,-3.027027,-1.207207,1.128378,3.194595,5.031532,1.0
1.79558,2.071823,-0.138122,-2.162162,-2.162162,0.607735,-0.303867,0.469613,2.790055,4.856354,6.896869,-1.0
3.566334,3.566334,-1.141227,-3.176796,-3.176796,3.42368,2.881598,2.872087,5.520685,7.549215,9.757489,-1.0
-2.234637,0.27933,-3.072626,2.1398,2.1398,0.810056,0.879888,0.130354,2.702514,4.659218,6.708566,1.0
38.834951,38.834951,-10.485437,-28.072626,-28.072626,31.883495,36.368932,36.297735,40.009709,43.176699,46.187702,-1.0
-8.333333,9.219858,-8.333333,9.514563,9.514563,14.184397,21.631206,22.884161,25.762411,28.985816,31.861702,1.0
7.792208,10.38961,-1.298701,-4.432624,-4.432624,12.615955,23.877551,26.81509,29.369202,32.979592,36.141002,-1.0
-6.118881,2.797203,-6.905594,6.122449,6.122449,1.608392,14.178322,17.925408,19.956294,23.776224,26.771562,1.0
-0.350263,2.276708,-2.276708,-0.174825,-0.174825,-3.292469,11.558669,16.567426,18.345009,22.367776,25.481611,0.0
4.72028,4.72028,-1.748252,0.175131,0.175131,-1.468531,8.636364,14.69697,16.66958,20.552448,23.846154,0.0
-1.535836,1.365188,-4.095563,2.447552,2.447552,-3.071672,3.412969,10.352673,12.935154,16.21843,19.607509,1.0
-2.145215,1.650165,-4.290429,3.412969,3.412969,-4.059406,-1.947195,5.434543,8.580858,11.240924,14.554455,1.0
-5.116279,0.775194,-5.426357,6.435644,6.435644,-7.596899,-8.744186,-1.69509,1.534884,3.584496,6.873385,1.0
0.938967,5.320814,-3.286385,-0.930233,-0.930233,-4.600939,-9.092332,-1.742306,1.971831,3.680751,7.021388,-1.0
2.362205,4.88189,-0.944882,-0.625978,-0.625978,-2.015748,-6.629921,-2.099738,1.984252,3.672441,6.824147,-1.0
4.276316,4.934211,-0.822368,-4.251969,-4.251969,3.059211,-1.759868,0.800439,5.534539,7.690789,10.520833,-1.0
0.664452,2.990033,-1.328904,-0.986842,-0.986842,3.953488,0.265781,0.454042,5.589701,8.232558,10.642303,-1.0
1.873935,4.258944,-3.747871,-2.491694,-2.491694,4.633731,3.083475,1.726292,7.172061,10.180579,12.288472,-1.0
-1.013514,1.351351,-3.040541,0.851789,0.851789,2.162162,2.567568,-0.529279,5.084459,8.486486,10.287162,1.0
-1.666667,1.5,-2.233333,1.351351,1.351351,-0.366667,1.666667,-0.911111,2.616667,6.273333,8.038889,1.0
-1.647446,1.812191,-1.976936,1.166667,1.166667,-1.5486,0.840198,-1.581549,0.337727,4.257002,6.298737,1.0
1.861252,2.030457,-2.368866,-2.635914,-2.635914,0.744501,3.316413,1.669487,1.928934,6.192893,8.663283,-1.0
6.690778,8.589512,-0.723327,-6.42978,-6.42978,6.437613,8.75226,8.426763,7.594937,12.296564,15.201929,-1.0
1.270417,1.633394,-4.355717,-0.361664,-0.361664,5.335753,7.549909,8.578342,6.488203,11.3902,14.688445,0.0
0.363636,2.909091,-3.636364,-0.181488,-0.181488,3.709091,6.2,8.509091,7.0,10.298182,13.89697,0.0
-0.900901,4.144144,-4.684685,0.909091,0.909091,0.900901,4.288288,7.159159,5.954955,7.971171,11.837838,1.0
0.925926,7.407407,-0.740741,-2.702703,-2.702703,1.814815,6.037037,9.320988,8.907407,9.607407,13.820988,-1.0
-1.454545,3.090909,-2.545455,1.851852,1.851852,-0.145455,3.436364,6.181818,6.727273,6.516364,10.733333,1.0
-6.791171,0.848896,-7.13073,7.090909,7.090909,-5.466893,-3.463497,-1.414827,-0.186757,-1.398981,2.591964,1.0
-4.065041,1.300813,-5.04065,4.414261,4.414261,-7.349593,-7.300813,-5.799458,-4.056911,-4.917073,-2.357724,1.0
-3.576983,0.622084,-4.976672,4.552846,4.552846,-8.646967,-10.777605,-9.538621,-7.791602,-8.566096,-7.112494,1.0
0.628931,0.628931,-6.132075,-1.088647,-1.088647,-4.622642,-9.08805,-8.186583,-6.540881,-6.949686,-6.551363,-1.0
-2.821317,3.448276,-5.172414,0.314465,0.314465,-2.163009,-8.040752,-7.941484,-6.888715,-6.827586,-7.173459,0.0
0.788644,2.839117,-8.675079,-0.626959,-0.626959,-0.126183,-6.15142,-6.919033,-6.340694,-5.842271,-7.018927,-1.0
0.157978,0.315956,-1.421801,-0.157729,-0.157729,0.600316,-4.691943,-6.424434,-6.208531,-5.308057,-6.250658,0.0
